order_id,customer_id,product_id,order_date,quantity,unit_price,gross_amount,status,source_updated_at
50001,246,102,2026-05-06,1,744.27,744.27,paid,2026-05-06T13:45:00
50002,235,104,2026-05-06,1,996.38,996.38,paid,2026-05-06T21:32:00
50003,345,104,2026-05-06,1,1003.41,1003.41,paid,2026-05-06T14:23:00
50004,92,102,2026-05-06,2,853.56,1707.12,paid,2026-05-06T11:20:00
50005,239,105,2026-05-06,1,523.98,523.98,paid,2026-05-06T10:26:00
50006,60,103,2026-05-06,1,1320.45,1320.45,paid,2026-05-06T08:07:00
50007,205,101,2026-05-06,3,1227.84,3683.52,paid,2026-05-06T08:10:00
50008,336,104,2026-05-06,2,933.59,1867.18,paid,2026-05-06T21:07:00
50009,23,102,2026-05-06,1,744.15,744.15,paid,2026-05-06T21:13:00
50010,109,102,2026-05-06,1,777.51,777.51,paid,2026-05-06T15:18:00
50011,374,101,2026-05-06,2,1174.93,2349.86,paid,2026-05-06T12:58:00
50012,198,102,2026-05-06,2,867.82,1735.64,paid,2026-05-06T16:57:00
50013,284,104,2026-05-06,4,1163.13,4652.52,paid,2026-05-06T20:45:00
50014,201,105,2026-05-06,1,596.45,596.45,paid,2026-05-06T16:30:00
50015,60,105,2026-05-06,2,515.39,1030.78,paid,2026-05-06T09:23:00
50016,273,102,2026-05-06,1,887.24,887.24,paid,2026-05-06T21:25:00
50017,215,101,2026-05-06,1,1070.26,1070.26,paid,2026-05-06T17:11:00
50018,162,101,2026-05-06,3,1256.6,3769.8,paid,2026-05-06T09:46:00
50019,76,104,2026-05-06,4,1049.81,4199.24,paid,2026-05-06T18:23:00
50020,24,105,2026-05-06,3,515.29,1545.87,refunded,2026-05-06T11:32:00
50021,191,105,2026-05-06,3,600.35,1801.05,refunded,2026-05-06T17:31:00
50022,114,101,2026-05-06,2,1246.02,2492.04,paid,2026-05-06T14:06:00
50023,36,101,2026-05-06,2,1132.59,2265.18,paid,2026-05-06T20:57:00
50024,88,104,2026-05-06,2,1052.47,2104.94,paid,2026-05-06T09:07:00
50025,269,102,2026-05-06,3,895.71,2687.13,paid,2026-05-06T10:58:00
50026,305,103,2026-05-06,4,1508.44,6033.76,paid,2026-05-06T22:58:00
50027,163,101,2026-05-06,4,1149.5,4598.0,paid,2026-05-06T12:49:00
50028,77,103,2026-05-06,2,1248.49,2496.98,paid,2026-05-06T08:18:00
50029,272,105,2026-05-06,2,614.01,1228.02,paid,2026-05-06T10:14:00
50030,131,104,2026-05-06,2,902.74,1805.48,paid,2026-05-06T13:34:00
50031,193,101,2026-05-06,2,1145.16,2290.32,paid,2026-05-06T10:21:00
50032,109,102,2026-05-06,1,830.93,830.93,paid,2026-05-06T20:20:00
50033,144,103,2026-05-06,1,1304.58,1304.58,paid,2026-05-06T21:52:00
50034,366,104,2026-05-06,1,939.86,939.86,paid,2026-05-06T17:58:00
50035,318,101,2026-05-06,1,1234.7,1234.7,paid,2026-05-06T21:04:00
50036,394,103,2026-05-06,3,1386.86,4160.58,paid,2026-05-06T08:07:00
50037,18,105,2026-05-07,2,518.32,1036.64,paid,2026-05-07T10:38:00
50038,249,103,2026-05-07,1,1380.75,1380.75,paid,2026-05-07T18:31:00
50039,349,102,2026-05-07,1,805.79,805.79,paid,2026-05-07T16:03:00
50040,207,105,2026-05-07,3,508.58,1525.74,paid,2026-05-07T14:28:00
50041,27,101,2026-05-07,1,1229.75,1229.75,paid,2026-05-07T17:58:00
50042,261,102,2026-05-07,1,775.05,775.05,paid,2026-05-07T20:12:00
50043,67,102,2026-05-07,2,734.14,1468.28,paid,2026-05-07T09:25:00
50044,244,102,2026-05-07,3,836.86,2510.58,paid,2026-05-07T08:06:00
50045,70,104,2026-05-07,2,1081.62,2163.24,paid,2026-05-07T08:00:00
50046,323,101,2026-05-07,1,1138.72,1138.72,paid,2026-05-07T09:17:00
50047,191,103,2026-05-07,2,1209.42,2418.84,paid,2026-05-07T15:21:00
50048,195,101,2026-05-07,2,1009.53,2019.06,paid,2026-05-07T12:29:00
50049,278,103,2026-05-07,3,1274.39,3823.17,paid,2026-05-07T18:28:00
50050,370,104,2026-05-07,1,944.95,944.95,paid,2026-05-07T10:23:00
50051,250,103,2026-05-07,1,1208.1,1208.1,paid,2026-05-07T16:53:00
50052,318,101,2026-05-07,2,1146.49,2292.98,paid,2026-05-07T17:14:00
50053,349,101,2026-05-07,1,1019.75,1019.75,paid,2026-05-07T12:10:00
50054,216,103,2026-05-07,2,1243.34,2486.68,paid,2026-05-07T08:30:00
50055,290,103,2026-05-07,2,1493.44,2986.88,paid,2026-05-07T10:42:00
50056,75,102,2026-05-07,1,756.16,756.16,paid,2026-05-07T09:24:00
50057,21,102,2026-05-07,2,753.82,1507.64,paid,2026-05-07T21:50:00
50058,160,104,2026-05-07,2,1128.53,2257.06,paid,2026-05-07T12:10:00
50059,88,104,2026-05-07,2,924.29,1848.58,paid,2026-05-07T20:35:00
50060,97,102,2026-05-07,1,815.65,815.65,paid,2026-05-07T16:37:00
50061,17,101,2026-05-07,1,1130.14,1130.14,refunded,2026-05-07T09:59:00
50062,88,104,2026-05-07,2,958.16,1916.32,paid,2026-05-07T18:10:00
50063,363,103,2026-05-07,2,1323.35,2646.7,paid,2026-05-07T17:21:00
50064,1,105,2026-05-07,1,532.27,532.27,paid,2026-05-07T13:49:00
50065,73,104,2026-05-07,1,1006.92,1006.92,paid,2026-05-07T15:19:00
50066,337,104,2026-05-07,1,1070.56,1070.56,paid,2026-05-07T13:03:00
50067,341,103,2026-05-08,4,1366.91,5467.64,paid,2026-05-08T17:53:00
50068,113,102,2026-05-08,5,707.59,3537.95,paid,2026-05-08T15:35:00
50069,310,102,2026-05-08,1,752.37,752.37,paid,2026-05-08T17:44:00
50070,217,101,2026-05-08,1,1169.15,1169.15,paid,2026-05-08T15:25:00
50071,149,104,2026-05-08,1,1139.43,1139.43,paid,2026-05-08T08:28:00
50072,164,103,2026-05-08,2,1195.97,2391.94,refunded,2026-05-08T19:38:00
50073,377,103,2026-05-08,4,1211.38,4845.52,paid,2026-05-08T08:20:00
50074,76,101,2026-05-08,2,1080.08,2160.16,paid,2026-05-08T12:16:00
50075,3,105,2026-05-08,1,562.97,562.97,paid,2026-05-08T20:30:00
50076,380,105,2026-05-08,1,549.44,549.44,paid,2026-05-08T12:24:00
50077,359,104,2026-05-08,3,1135.51,3406.53,paid,2026-05-08T11:59:00
50078,148,104,2026-05-08,3,1056.46,3169.38,paid,2026-05-08T15:01:00
50079,310,105,2026-05-08,1,493.62,493.62,paid,2026-05-08T09:27:00
50080,358,103,2026-05-08,1,1451.38,1451.38,paid,2026-05-08T12:48:00
50081,223,105,2026-05-08,1,576.11,576.11,paid,2026-05-08T14:07:00
50082,321,102,2026-05-08,2,854.11,1708.22,paid,2026-05-08T19:58:00
50083,247,102,2026-05-08,1,854.65,854.65,paid,2026-05-08T17:20:00
50084,177,101,2026-05-08,1,1015.16,1015.16,paid,2026-05-08T14:32:00
50085,139,102,2026-05-08,2,883.6,1767.2,paid,2026-05-08T08:47:00
50086,150,102,2026-05-08,2,750.89,1501.78,paid,2026-05-08T09:25:00
50087,203,101,2026-05-08,1,1101.86,1101.86,paid,2026-05-08T08:10:00
50088,199,105,2026-05-08,2,618.84,1237.68,paid,2026-05-08T14:34:00
50089,73,102,2026-05-08,1,721.52,721.52,paid,2026-05-08T11:14:00
50090,43,104,2026-05-08,1,1149.56,1149.56,paid,2026-05-08T18:57:00
50091,381,103,2026-05-08,3,1444.12,4332.36,refunded,2026-05-08T11:22:00
50092,398,105,2026-05-08,1,580.63,580.63,paid,2026-05-08T21:22:00
50093,294,102,2026-05-08,5,776.8,3884.0,paid,2026-05-08T11:20:00
50094,14,101,2026-05-08,3,1084.94,3254.82,paid,2026-05-08T20:56:00
50095,42,104,2026-05-09,1,1068.71,1068.71,paid,2026-05-09T08:44:00
50096,122,102,2026-05-09,4,726.81,2907.24,paid,2026-05-09T20:34:00
50097,202,105,2026-05-09,1,621.39,621.39,paid,2026-05-09T11:17:00
50098,230,101,2026-05-09,2,1205.9,2411.8,paid,2026-05-09T16:31:00
50099,383,104,2026-05-09,1,1118.67,1118.67,paid,2026-05-09T17:38:00
50100,324,104,2026-05-09,3,1059.78,3179.34,paid,2026-05-09T17:51:00
50101,83,101,2026-05-09,1,1128.22,1128.22,paid,2026-05-09T08:13:00
50102,293,105,2026-05-09,2,632.93,1265.86,paid,2026-05-09T22:59:00
50103,378,105,2026-05-09,1,551.7,551.7,refunded,2026-05-09T20:18:00
50104,110,105,2026-05-09,2,518.48,1036.96,paid,2026-05-09T20:08:00
50105,400,105,2026-05-09,1,574.31,574.31,paid,2026-05-09T18:20:00
50106,42,101,2026-05-09,2,1129.42,2258.84,paid,2026-05-09T17:19:00
50107,351,105,2026-05-09,1,508.2,508.2,paid,2026-05-09T08:54:00
50108,211,102,2026-05-09,1,832.2,832.2,paid,2026-05-09T13:46:00
50109,93,105,2026-05-09,3,628.6,1885.8,paid,2026-05-09T11:09:00
50110,301,102,2026-05-09,1,876.24,876.24,paid,2026-05-09T15:32:00
50111,81,104,2026-05-09,1,1005.52,1005.52,paid,2026-05-09T15:02:00
50112,321,101,2026-05-09,1,1005.78,1005.78,paid,2026-05-09T16:07:00
50113,232,104,2026-05-09,1,1138.89,1138.89,paid,2026-05-09T15:48:00
50114,209,101,2026-05-09,1,986.97,986.97,paid,2026-05-09T10:33:00
50115,262,105,2026-05-09,2,514.13,1028.26,paid,2026-05-09T09:14:00
50116,77,105,2026-05-09,4,626.6,2506.4,refunded,2026-05-09T22:05:00
50117,32,101,2026-05-09,2,1125.42,2250.84,paid,2026-05-09T18:15:00
50118,301,103,2026-05-09,2,1517.83,3035.66,paid,2026-05-09T18:16:00
50119,245,105,2026-05-09,1,579.43,579.43,paid,2026-05-09T10:49:00
50120,228,102,2026-05-09,2,817.09,1634.18,paid,2026-05-09T21:03:00
50121,97,102,2026-05-09,2,813.8,1627.6,paid,2026-05-09T19:34:00
50122,258,104,2026-05-09,1,1013.56,1013.56,paid,2026-05-09T20:46:00
50123,270,103,2026-05-09,1,1204.51,1204.51,paid,2026-05-09T14:10:00
50124,56,103,2026-05-09,1,1234.62,1234.62,paid,2026-05-09T22:39:00
50125,176,102,2026-05-09,1,778.1,778.1,paid,2026-05-09T22:24:00
50126,175,101,2026-05-10,3,1107.92,3323.76,paid,2026-05-10T21:56:00
50127,26,103,2026-05-10,1,1374.07,1374.07,paid,2026-05-10T13:06:00
50128,378,103,2026-05-10,1,1278.85,1278.85,paid,2026-05-10T16:14:00
50129,59,102,2026-05-10,4,892.16,3568.64,paid,2026-05-10T14:42:00
50130,303,102,2026-05-10,1,900.91,900.91,paid,2026-05-10T09:35:00
50131,261,102,2026-05-10,1,734.19,734.19,paid,2026-05-10T19:50:00
50132,97,101,2026-05-10,2,1238.13,2476.26,paid,2026-05-10T22:42:00
50133,25,102,2026-05-10,1,788.46,788.46,paid,2026-05-10T11:15:00
50134,293,105,2026-05-10,1,543.79,543.79,paid,2026-05-10T12:36:00
50135,30,104,2026-05-10,2,962.72,1925.44,paid,2026-05-10T14:37:00
50136,163,102,2026-05-10,2,808.43,1616.86,paid,2026-05-10T09:36:00
50137,130,104,2026-05-10,1,1004.7,1004.7,paid,2026-05-10T17:10:00
50138,205,102,2026-05-10,2,818.72,1637.44,paid,2026-05-10T16:51:00
50139,293,104,2026-05-10,1,1081.88,1081.88,paid,2026-05-10T22:40:00
50140,187,103,2026-05-10,1,1271.44,1271.44,paid,2026-05-10T15:13:00
50141,48,104,2026-05-10,1,1163.64,1163.64,paid,2026-05-10T16:36:00
50142,94,102,2026-05-10,2,781.15,1562.3,paid,2026-05-10T15:30:00
50143,38,102,2026-05-10,1,788.83,788.83,paid,2026-05-10T21:32:00
50144,59,104,2026-05-10,1,1096.81,1096.81,paid,2026-05-10T10:11:00
50145,179,101,2026-05-10,1,1212.16,1212.16,paid,2026-05-10T19:41:00
50146,91,101,2026-05-10,1,1252.63,1252.63,paid,2026-05-10T09:21:00
50147,304,105,2026-05-10,2,529.31,1058.62,paid,2026-05-10T08:32:00
50148,243,105,2026-05-10,1,515.85,515.85,paid,2026-05-10T09:00:00
50149,316,105,2026-05-10,1,506.86,506.86,paid,2026-05-10T19:48:00
50150,388,104,2026-05-11,2,911.49,1822.98,refunded,2026-05-11T16:12:00
50151,231,105,2026-05-11,1,558.55,558.55,paid,2026-05-11T21:34:00
50152,386,101,2026-05-11,1,1003.36,1003.36,paid,2026-05-11T16:16:00
50153,266,105,2026-05-11,1,504.94,504.94,paid,2026-05-11T09:08:00
50154,117,105,2026-05-11,1,520.12,520.12,paid,2026-05-11T08:49:00
50155,279,101,2026-05-11,1,1037.36,1037.36,paid,2026-05-11T11:05:00
50156,35,103,2026-05-11,2,1190.03,2380.06,paid,2026-05-11T21:21:00
50157,329,103,2026-05-11,2,1363.36,2726.72,paid,2026-05-11T19:52:00
50158,81,101,2026-05-11,2,1077.57,2155.14,paid,2026-05-11T14:50:00
50159,238,104,2026-05-11,1,1132.81,1132.81,paid,2026-05-11T18:39:00
50160,118,101,2026-05-11,2,1125.93,2251.86,paid,2026-05-11T18:34:00
50161,395,103,2026-05-11,1,1461.06,1461.06,paid,2026-05-11T17:09:00
50162,182,105,2026-05-11,1,582.01,582.01,paid,2026-05-11T11:43:00
50163,304,104,2026-05-11,1,969.04,969.04,paid,2026-05-11T15:00:00
50164,264,102,2026-05-11,1,738.26,738.26,paid,2026-05-11T09:28:00
50165,83,102,2026-05-11,1,749.33,749.33,paid,2026-05-11T12:46:00
50166,241,103,2026-05-11,4,1399.71,5598.84,paid,2026-05-11T16:56:00
50167,102,104,2026-05-11,1,1002.9,1002.9,paid,2026-05-11T10:18:00
50168,225,104,2026-05-11,1,939.54,939.54,paid,2026-05-11T14:37:00
50169,379,101,2026-05-11,5,1186.88,5934.4,paid,2026-05-11T12:18:00
50170,169,103,2026-05-11,1,1265.04,1265.04,paid,2026-05-11T11:58:00
50171,192,103,2026-05-11,2,1296.36,2592.72,paid,2026-05-11T22:15:00
50172,138,101,2026-05-11,1,1152.38,1152.38,paid,2026-05-11T10:23:00
50173,43,105,2026-05-11,2,544.73,1089.46,paid,2026-05-11T15:55:00
50174,321,105,2026-05-11,2,497.41,994.82,refunded,2026-05-11T19:03:00
50175,222,102,2026-05-11,1,853.75,853.75,paid,2026-05-11T12:48:00
50176,91,101,2026-05-11,1,1238.54,1238.54,paid,2026-05-11T13:41:00
50177,194,105,2026-05-11,1,520.6,520.6,paid,2026-05-11T17:43:00
50178,21,105,2026-05-11,1,589.27,589.27,paid,2026-05-11T15:27:00
50179,119,104,2026-05-11,4,1003.59,4014.36,paid,2026-05-11T21:01:00
50180,360,104,2026-05-11,2,1153.46,2306.92,paid,2026-05-11T20:50:00
50181,332,105,2026-05-11,1,523.95,523.95,paid,2026-05-11T15:40:00
50182,266,103,2026-05-11,1,1298.72,1298.72,paid,2026-05-11T13:26:00
50183,185,104,2026-05-11,3,917.2,2751.6,paid,2026-05-11T13:28:00
50184,313,103,2026-05-11,1,1443.41,1443.41,paid,2026-05-11T19:46:00
50185,95,101,2026-05-11,1,1203.39,1203.39,paid,2026-05-11T22:54:00
50186,267,102,2026-05-11,4,848.25,3393.0,paid,2026-05-11T08:14:00
50187,75,105,2026-05-11,2,508.86,1017.72,paid,2026-05-11T18:39:00
50188,231,101,2026-05-11,1,1130.28,1130.28,paid,2026-05-11T19:40:00
50189,364,104,2026-05-12,1,983.58,983.58,paid,2026-05-12T18:10:00
50190,192,101,2026-05-12,1,1205.88,1205.88,refunded,2026-05-12T22:59:00
50191,37,101,2026-05-12,1,1125.38,1125.38,paid,2026-05-12T18:57:00
50192,216,101,2026-05-12,1,1013.45,1013.45,refunded,2026-05-12T18:27:00
50193,395,104,2026-05-12,1,968.7,968.7,paid,2026-05-12T12:05:00
50194,34,103,2026-05-12,3,1303.27,3909.81,paid,2026-05-12T19:45:00
50195,172,105,2026-05-12,1,499.26,499.26,paid,2026-05-12T14:14:00
50196,184,104,2026-05-12,1,978.14,978.14,paid,2026-05-12T09:38:00
50197,311,101,2026-05-12,1,1236.4,1236.4,paid,2026-05-12T14:08:00
50198,341,105,2026-05-12,1,560.16,560.16,paid,2026-05-12T11:29:00
50199,17,104,2026-05-12,1,1126.79,1126.79,paid,2026-05-12T15:53:00
50200,332,103,2026-05-12,1,1247.58,1247.58,paid,2026-05-12T20:49:00
50201,160,103,2026-05-12,1,1217.38,1217.38,paid,2026-05-12T15:30:00
50202,147,101,2026-05-12,1,1211.46,1211.46,paid,2026-05-12T21:22:00
50203,27,103,2026-05-12,2,1478.38,2956.76,paid,2026-05-12T18:17:00
50204,377,103,2026-05-12,1,1454.51,1454.51,paid,2026-05-12T12:02:00
50205,82,102,2026-05-12,1,766.23,766.23,paid,2026-05-12T21:03:00
50206,169,103,2026-05-12,1,1399.22,1399.22,refunded,2026-05-12T08:34:00
50207,106,105,2026-05-12,1,502.77,502.77,paid,2026-05-12T16:17:00
50208,237,103,2026-05-12,1,1264.04,1264.04,paid,2026-05-12T10:23:00
50209,29,104,2026-05-12,1,914.04,914.04,paid,2026-05-12T19:49:00
50210,51,103,2026-05-12,1,1512.34,1512.34,paid,2026-05-12T15:35:00
50211,204,102,2026-05-12,2,707.37,1414.74,paid,2026-05-12T10:47:00
50212,281,105,2026-05-12,1,612.13,612.13,paid,2026-05-12T20:25:00
50213,102,101,2026-05-12,1,1102.89,1102.89,paid,2026-05-12T22:00:00
50214,311,102,2026-05-12,2,794.56,1589.12,paid,2026-05-12T13:37:00
50215,185,103,2026-05-13,1,1489.8,1489.8,paid,2026-05-13T12:01:00
50216,182,104,2026-05-13,2,1136.71,2273.42,paid,2026-05-13T09:41:00
50217,40,101,2026-05-13,2,1184.8,2369.6,paid,2026-05-13T17:00:00
50218,308,103,2026-05-13,1,1321.54,1321.54,paid,2026-05-13T13:18:00
50219,362,103,2026-05-13,1,1459.28,1459.28,paid,2026-05-13T21:02:00
50220,16,104,2026-05-13,2,909.26,1818.52,paid,2026-05-13T18:18:00
50221,222,103,2026-05-13,1,1316.92,1316.92,paid,2026-05-13T08:38:00
50222,333,105,2026-05-13,1,612.09,612.09,paid,2026-05-13T18:45:00
50223,261,104,2026-05-13,2,1041.81,2083.62,paid,2026-05-13T08:03:00
50224,39,101,2026-05-13,2,1035.06,2070.12,paid,2026-05-13T10:33:00
50225,15,102,2026-05-13,2,816.21,1632.42,paid,2026-05-13T22:03:00
50226,391,104,2026-05-13,1,1151.1,1151.1,paid,2026-05-13T09:13:00
50227,261,105,2026-05-13,1,527.83,527.83,paid,2026-05-13T16:17:00
50228,291,102,2026-05-13,1,752.66,752.66,paid,2026-05-13T12:32:00
50229,138,102,2026-05-13,1,792.65,792.65,paid,2026-05-13T18:06:00
50230,357,105,2026-05-13,1,499.85,499.85,refunded,2026-05-13T10:43:00
50231,125,105,2026-05-13,4,528.8,2115.2,paid,2026-05-13T21:36:00
50232,12,101,2026-05-13,2,1218.8,2437.6,refunded,2026-05-13T18:10:00
50233,214,102,2026-05-13,1,804.86,804.86,paid,2026-05-13T12:40:00
50234,181,102,2026-05-13,2,814.05,1628.1,paid,2026-05-13T19:50:00
50235,288,102,2026-05-13,1,812.77,812.77,paid,2026-05-13T11:58:00
50236,325,105,2026-05-13,2,571.8,1143.6,paid,2026-05-13T09:02:00
50237,273,104,2026-05-13,2,919.01,1838.02,paid,2026-05-13T10:34:00
50238,14,103,2026-05-13,2,1305.2,2610.4,paid,2026-05-13T09:44:00
50239,164,104,2026-05-13,1,1064.56,1064.56,paid,2026-05-13T15:41:00
50240,23,102,2026-05-13,2,854.23,1708.46,paid,2026-05-13T13:16:00
50241,137,104,2026-05-13,1,1036.29,1036.29,paid,2026-05-13T10:06:00
50242,386,101,2026-05-13,1,1258.74,1258.74,refunded,2026-05-13T13:22:00
50243,33,102,2026-05-13,1,831.6,831.6,paid,2026-05-13T19:49:00
50244,300,105,2026-05-13,2,567.79,1135.58,refunded,2026-05-13T10:17:00
50245,95,102,2026-05-14,5,732.22,3661.1,paid,2026-05-14T15:03:00
50246,15,103,2026-05-14,2,1266.81,2533.62,paid,2026-05-14T18:14:00
50247,286,103,2026-05-14,1,1330.24,1330.24,paid,2026-05-14T10:30:00
50248,232,103,2026-05-14,1,1436.8,1436.8,paid,2026-05-14T12:17:00
50249,135,102,2026-05-14,1,808.43,808.43,paid,2026-05-14T14:36:00
50250,263,104,2026-05-14,2,1105.15,2210.3,paid,2026-05-14T19:10:00
50251,142,103,2026-05-14,1,1290.45,1290.45,paid,2026-05-14T09:14:00
50252,394,104,2026-05-14,4,991.92,3967.68,paid,2026-05-14T18:06:00
50253,243,105,2026-05-14,2,580.2,1160.4,paid,2026-05-14T18:47:00
50254,306,104,2026-05-14,2,1156.2,2312.4,paid,2026-05-14T22:52:00
50255,84,103,2026-05-14,2,1290.88,2581.76,paid,2026-05-14T16:25:00
50256,203,103,2026-05-14,1,1405.38,1405.38,paid,2026-05-14T12:49:00
50257,265,104,2026-05-14,1,987.88,987.88,paid,2026-05-14T20:39:00
50258,179,103,2026-05-14,1,1456.06,1456.06,refunded,2026-05-14T20:39:00
50259,116,102,2026-05-14,2,751.25,1502.5,paid,2026-05-14T09:35:00
50260,174,101,2026-05-14,2,1018.07,2036.14,paid,2026-05-14T17:54:00
50261,373,103,2026-05-14,1,1306.69,1306.69,paid,2026-05-14T20:14:00
50262,181,105,2026-05-14,1,588.64,588.64,paid,2026-05-14T16:45:00
50263,112,105,2026-05-14,3,494.42,1483.26,paid,2026-05-14T12:30:00
50264,12,104,2026-05-14,2,992.17,1984.34,paid,2026-05-14T11:26:00
50265,2,103,2026-05-14,2,1339.82,2679.64,paid,2026-05-14T20:11:00
50266,216,105,2026-05-14,1,493.86,493.86,paid,2026-05-14T13:12:00
50267,259,101,2026-05-14,1,1221.65,1221.65,paid,2026-05-14T21:37:00
50268,374,104,2026-05-14,4,1095.03,4380.12,refunded,2026-05-14T18:40:00
50269,196,101,2026-05-14,4,1045.77,4183.08,paid,2026-05-14T08:53:00
50270,170,105,2026-05-14,2,619.66,1239.32,paid,2026-05-14T09:08:00
50271,1,102,2026-05-14,1,811.93,811.93,paid,2026-05-14T12:46:00
50272,288,104,2026-05-14,1,1125.24,1125.24,paid,2026-05-14T18:11:00
50273,99,104,2026-05-14,1,1091.16,1091.16,paid,2026-05-14T20:06:00
50274,326,103,2026-05-14,2,1413.15,2826.3,paid,2026-05-14T13:53:00
50275,304,104,2026-05-14,3,1116.68,3350.04,paid,2026-05-14T14:22:00
50276,171,103,2026-05-14,1,1513.6,1513.6,paid,2026-05-14T14:56:00
50277,166,102,2026-05-14,1,867.4,867.4,paid,2026-05-14T09:57:00
50278,398,105,2026-05-14,2,579.13,1158.26,paid,2026-05-14T15:11:00
50279,183,101,2026-05-14,2,1156.22,2312.44,paid,2026-05-14T21:08:00
50280,297,103,2026-05-14,2,1200.23,2400.46,paid,2026-05-14T11:32:00
50281,10,102,2026-05-14,1,873.24,873.24,paid,2026-05-14T19:45:00
50282,194,103,2026-05-14,2,1435.28,2870.56,refunded,2026-05-14T17:58:00
50283,205,102,2026-05-14,1,804.16,804.16,paid,2026-05-14T18:12:00
50284,16,103,2026-05-15,3,1466.32,4398.96,paid,2026-05-15T10:35:00
50285,227,104,2026-05-15,1,1018.19,1018.19,paid,2026-05-15T17:33:00
50286,28,101,2026-05-15,1,1246.49,1246.49,paid,2026-05-15T15:08:00
50287,139,102,2026-05-15,1,798.85,798.85,paid,2026-05-15T17:07:00
50288,120,102,2026-05-15,1,856.99,856.99,paid,2026-05-15T16:24:00
50289,45,105,2026-05-15,1,554.55,554.55,paid,2026-05-15T20:48:00
50290,276,103,2026-05-15,2,1532.71,3065.42,paid,2026-05-15T12:50:00
50291,259,105,2026-05-15,1,612.43,612.43,paid,2026-05-15T15:33:00
50292,77,103,2026-05-15,2,1451.31,2902.62,paid,2026-05-15T13:44:00
50293,47,101,2026-05-15,1,1160.13,1160.13,paid,2026-05-15T10:16:00
50294,119,101,2026-05-15,1,1102.01,1102.01,paid,2026-05-15T10:44:00
50295,343,104,2026-05-15,2,1023.85,2047.7,paid,2026-05-15T22:26:00
50296,16,105,2026-05-15,3,564.39,1693.17,paid,2026-05-15T20:04:00
50297,50,105,2026-05-15,1,633.69,633.69,paid,2026-05-15T14:29:00
50298,296,102,2026-05-15,1,872.93,872.93,paid,2026-05-15T16:29:00
50299,73,101,2026-05-15,2,1212.37,2424.74,paid,2026-05-15T20:37:00
50300,136,103,2026-05-15,1,1357.78,1357.78,paid,2026-05-15T17:00:00
50301,73,102,2026-05-15,2,868.0,1736.0,paid,2026-05-15T10:26:00
50302,84,101,2026-05-15,1,1210.2,1210.2,paid,2026-05-15T14:48:00
50303,348,105,2026-05-15,2,510.93,1021.86,refunded,2026-05-15T16:32:00
50304,46,102,2026-05-15,1,718.25,718.25,paid,2026-05-15T10:01:00
50305,252,104,2026-05-15,3,1013.19,3039.57,paid,2026-05-15T15:07:00
50306,392,103,2026-05-15,1,1323.01,1323.01,paid,2026-05-15T12:56:00
50307,87,104,2026-05-15,2,1093.3,2186.6,paid,2026-05-15T10:49:00
50308,38,102,2026-05-15,4,747.2,2988.8,paid,2026-05-15T12:11:00
50309,110,105,2026-05-15,2,537.39,1074.78,paid,2026-05-15T15:07:00
50310,49,105,2026-05-15,1,572.99,572.99,paid,2026-05-15T12:31:00
50311,208,101,2026-05-15,1,1197.69,1197.69,paid,2026-05-15T11:52:00
50312,57,103,2026-05-15,1,1346.55,1346.55,paid,2026-05-15T10:46:00
50313,255,101,2026-05-15,2,1001.07,2002.14,paid,2026-05-15T11:29:00
50314,3,105,2026-05-15,1,607.41,607.41,paid,2026-05-15T12:35:00
50315,318,105,2026-05-15,1,546.77,546.77,paid,2026-05-15T11:36:00
50316,94,102,2026-05-15,2,801.74,1603.48,paid,2026-05-15T17:33:00
50317,150,104,2026-05-15,2,996.74,1993.48,paid,2026-05-15T13:38:00
50318,182,101,2026-05-15,1,1196.32,1196.32,paid,2026-05-15T15:34:00
50319,109,104,2026-05-15,1,1124.9,1124.9,paid,2026-05-15T16:33:00
50320,359,105,2026-05-15,1,564.64,564.64,paid,2026-05-15T17:26:00
50321,54,102,2026-05-15,1,698.94,698.94,paid,2026-05-15T20:39:00
50322,170,103,2026-05-15,2,1442.88,2885.76,paid,2026-05-15T15:40:00
50323,173,102,2026-05-16,2,831.48,1662.96,paid,2026-05-16T17:21:00
50324,338,103,2026-05-16,3,1311.81,3935.43,paid,2026-05-16T14:44:00
50325,176,101,2026-05-16,1,1171.83,1171.83,paid,2026-05-16T15:22:00
50326,9,105,2026-05-16,1,635.25,635.25,paid,2026-05-16T19:08:00
50327,328,105,2026-05-16,1,631.37,631.37,refunded,2026-05-16T09:02:00
50328,365,102,2026-05-16,2,700.38,1400.76,paid,2026-05-16T10:28:00
50329,214,102,2026-05-16,2,776.02,1552.04,paid,2026-05-16T15:21:00
50330,92,103,2026-05-16,1,1195.16,1195.16,refunded,2026-05-16T17:05:00
50331,11,101,2026-05-16,1,1079.45,1079.45,paid,2026-05-16T18:54:00
50332,47,102,2026-05-16,3,783.63,2350.89,paid,2026-05-16T09:08:00
50333,29,104,2026-05-16,1,1000.76,1000.76,paid,2026-05-16T11:26:00
50334,143,102,2026-05-16,1,840.61,840.61,paid,2026-05-16T12:03:00
50335,382,102,2026-05-16,2,712.2,1424.4,paid,2026-05-16T08:49:00
50336,100,105,2026-05-16,1,590.41,590.41,paid,2026-05-16T21:22:00
50337,381,105,2026-05-16,1,611.72,611.72,paid,2026-05-16T20:52:00
50338,107,102,2026-05-16,2,859.43,1718.86,paid,2026-05-16T17:09:00
50339,90,101,2026-05-16,1,1099.14,1099.14,refunded,2026-05-16T15:18:00
50340,230,103,2026-05-16,5,1308.32,6541.6,paid,2026-05-16T21:06:00
50341,9,103,2026-05-16,3,1280.2,3840.6,paid,2026-05-16T16:21:00
50342,5,102,2026-05-16,2,785.92,1571.84,paid,2026-05-16T08:11:00
50343,134,103,2026-05-17,1,1292.36,1292.36,paid,2026-05-17T12:37:00
50344,365,105,2026-05-17,2,598.87,1197.74,refunded,2026-05-17T09:35:00
50345,192,103,2026-05-17,3,1418.9,4256.7,paid,2026-05-17T16:15:00
50346,328,101,2026-05-17,1,1074.78,1074.78,paid,2026-05-17T17:36:00
50347,239,101,2026-05-17,1,1237.14,1237.14,paid,2026-05-17T19:57:00
50348,112,101,2026-05-17,3,1192.39,3577.17,paid,2026-05-17T11:24:00
50349,212,104,2026-05-17,1,1078.16,1078.16,refunded,2026-05-17T15:03:00
50350,296,101,2026-05-17,1,1090.0,1090.0,paid,2026-05-17T20:59:00
50351,309,101,2026-05-17,2,1145.61,2291.22,paid,2026-05-17T10:51:00
50352,335,103,2026-05-17,1,1385.26,1385.26,paid,2026-05-17T15:51:00
50353,21,101,2026-05-17,1,1238.46,1238.46,paid,2026-05-17T20:07:00
50354,324,103,2026-05-17,3,1317.03,3951.09,refunded,2026-05-17T19:01:00
50355,57,101,2026-05-17,1,1237.19,1237.19,paid,2026-05-17T08:10:00
50356,148,102,2026-05-17,1,816.29,816.29,paid,2026-05-17T15:37:00
50357,39,103,2026-05-17,2,1361.64,2723.28,paid,2026-05-17T16:30:00
50358,237,105,2026-05-17,3,627.0,1881.0,paid,2026-05-17T21:26:00
50359,107,105,2026-05-17,2,512.3,1024.6,paid,2026-05-17T21:58:00
50360,154,103,2026-05-17,2,1354.61,2709.22,paid,2026-05-17T11:16:00
50361,355,102,2026-05-17,3,738.82,2216.46,paid,2026-05-17T13:11:00
50362,210,103,2026-05-17,1,1283.78,1283.78,paid,2026-05-17T19:40:00
50363,164,101,2026-05-17,1,1239.15,1239.15,paid,2026-05-17T16:46:00
50364,344,102,2026-05-17,1,715.08,715.08,paid,2026-05-17T15:45:00
50365,348,101,2026-05-17,4,1185.67,4742.68,paid,2026-05-17T16:37:00
50366,208,104,2026-05-17,3,1040.08,3120.24,paid,2026-05-17T09:19:00
50367,154,101,2026-05-17,1,1009.48,1009.48,paid,2026-05-17T16:33:00
50368,264,105,2026-05-17,1,635.78,635.78,paid,2026-05-17T10:02:00
50369,72,104,2026-05-18,2,921.65,1843.3,paid,2026-05-18T16:36:00
50370,66,103,2026-05-18,1,1265.89,1265.89,paid,2026-05-18T22:27:00
50371,58,102,2026-05-18,1,698.09,698.09,paid,2026-05-18T10:21:00
50372,12,105,2026-05-18,4,550.8,2203.2,paid,2026-05-18T15:19:00
50373,107,102,2026-05-18,2,897.88,1795.76,paid,2026-05-18T11:36:00
50374,54,104,2026-05-18,4,976.06,3904.24,paid,2026-05-18T21:11:00
50375,201,104,2026-05-18,1,1060.64,1060.64,paid,2026-05-18T17:18:00
50376,172,103,2026-05-18,2,1472.21,2944.42,paid,2026-05-18T21:37:00
50377,34,101,2026-05-18,1,1179.69,1179.69,refunded,2026-05-18T14:46:00
50378,296,104,2026-05-18,1,978.41,978.41,paid,2026-05-18T10:04:00
50379,10,101,2026-05-18,1,1229.77,1229.77,paid,2026-05-18T14:53:00
50380,47,102,2026-05-18,1,741.16,741.16,paid,2026-05-18T16:11:00
50381,162,105,2026-05-18,5,518.09,2590.45,paid,2026-05-18T08:34:00
50382,265,102,2026-05-18,1,707.75,707.75,paid,2026-05-18T10:40:00
50383,280,101,2026-05-18,1,1158.79,1158.79,paid,2026-05-18T15:20:00
50384,157,103,2026-05-18,1,1488.97,1488.97,paid,2026-05-18T10:40:00
50385,19,101,2026-05-18,2,1198.78,2397.56,paid,2026-05-18T21:13:00
50386,345,103,2026-05-18,1,1486.76,1486.76,paid,2026-05-18T22:06:00
50387,11,102,2026-05-18,2,791.43,1582.86,paid,2026-05-18T20:37:00
50388,288,105,2026-05-18,2,540.0,1080.0,paid,2026-05-18T13:31:00
50389,155,105,2026-05-18,1,527.36,527.36,paid,2026-05-18T14:22:00
50390,268,104,2026-05-18,1,930.19,930.19,paid,2026-05-18T18:22:00
50391,281,104,2026-05-18,1,1083.07,1083.07,paid,2026-05-18T11:26:00
50392,280,101,2026-05-18,1,1000.43,1000.43,paid,2026-05-18T18:05:00
50393,96,105,2026-05-18,1,508.12,508.12,paid,2026-05-18T10:26:00
50394,292,101,2026-05-18,1,1061.32,1061.32,paid,2026-05-18T10:15:00
50395,262,101,2026-05-18,2,1049.16,2098.32,paid,2026-05-18T12:07:00
50396,51,103,2026-05-18,1,1305.94,1305.94,paid,2026-05-18T11:53:00
50397,231,105,2026-05-19,2,518.1,1036.2,paid,2026-05-19T16:53:00
50398,199,102,2026-05-19,1,898.27,898.27,refunded,2026-05-19T21:58:00
50399,330,103,2026-05-19,2,1429.91,2859.82,refunded,2026-05-19T08:00:00
50400,202,103,2026-05-19,1,1190.34,1190.34,paid,2026-05-19T15:58:00
50401,60,105,2026-05-19,2,492.83,985.66,paid,2026-05-19T17:35:00
50402,388,105,2026-05-19,1,531.07,531.07,paid,2026-05-19T18:07:00
50403,358,103,2026-05-19,1,1276.78,1276.78,paid,2026-05-19T15:47:00
50404,389,104,2026-05-19,1,959.27,959.27,paid,2026-05-19T19:34:00
50405,258,104,2026-05-19,1,929.77,929.77,paid,2026-05-19T10:18:00
50406,241,101,2026-05-19,1,1228.51,1228.51,paid,2026-05-19T11:55:00
50407,107,101,2026-05-19,1,1179.2,1179.2,paid,2026-05-19T20:11:00
50408,302,104,2026-05-19,3,967.27,2901.81,paid,2026-05-19T18:12:00
50409,347,101,2026-05-19,2,1114.09,2228.18,paid,2026-05-19T11:36:00
50410,61,101,2026-05-19,3,1074.99,3224.97,paid,2026-05-19T21:13:00
50411,385,101,2026-05-19,1,1220.48,1220.48,paid,2026-05-19T16:55:00
50412,205,103,2026-05-19,3,1300.65,3901.95,paid,2026-05-19T15:32:00
50413,39,103,2026-05-19,1,1491.72,1491.72,paid,2026-05-19T15:15:00
50414,147,101,2026-05-19,2,1060.62,2121.24,paid,2026-05-19T21:56:00
50415,88,104,2026-05-19,1,1077.04,1077.04,paid,2026-05-19T14:01:00
50416,176,103,2026-05-19,1,1454.8,1454.8,refunded,2026-05-19T19:43:00
50417,70,105,2026-05-19,1,527.31,527.31,paid,2026-05-19T19:27:00
50418,253,101,2026-05-19,4,1097.75,4391.0,paid,2026-05-19T14:12:00
50419,140,104,2026-05-19,1,1096.62,1096.62,paid,2026-05-19T10:11:00
50420,213,101,2026-05-19,2,1261.65,2523.3,paid,2026-05-19T10:16:00
50421,295,104,2026-05-19,1,1026.1,1026.1,paid,2026-05-19T08:26:00
50422,72,105,2026-05-19,2,493.19,986.38,paid,2026-05-19T08:42:00
50423,337,102,2026-05-19,1,771.2,771.2,paid,2026-05-19T09:14:00
50424,35,101,2026-05-19,1,1104.88,1104.88,paid,2026-05-19T17:32:00
50425,37,104,2026-05-19,1,1090.8,1090.8,paid,2026-05-19T12:50:00
50426,155,105,2026-05-19,4,579.67,2318.68,paid,2026-05-19T17:53:00
50427,178,103,2026-05-19,1,1447.63,1447.63,paid,2026-05-19T13:14:00
50428,371,102,2026-05-19,4,786.25,3145.0,paid,2026-05-19T13:24:00
50429,69,101,2026-05-19,2,1178.13,2356.26,paid,2026-05-19T20:25:00
50430,110,104,2026-05-19,1,903.68,903.68,paid,2026-05-19T20:48:00
50431,261,105,2026-05-19,1,555.09,555.09,paid,2026-05-19T21:33:00
50432,25,102,2026-05-19,1,770.3,770.3,paid,2026-05-19T20:34:00
50433,86,104,2026-05-19,1,1048.93,1048.93,refunded,2026-05-19T19:33:00
50434,253,102,2026-05-19,2,832.91,1665.82,refunded,2026-05-19T20:08:00
50435,352,104,2026-05-19,1,920.43,920.43,paid,2026-05-19T08:51:00
50436,53,101,2026-05-19,1,1115.09,1115.09,paid,2026-05-19T13:18:00
50437,311,102,2026-05-19,2,855.28,1710.56,paid,2026-05-19T19:23:00
50438,314,102,2026-05-19,1,794.29,794.29,paid,2026-05-19T17:35:00
50439,152,105,2026-05-20,3,596.32,1788.96,paid,2026-05-20T17:08:00
50440,261,102,2026-05-20,2,766.86,1533.72,paid,2026-05-20T17:01:00
50441,168,102,2026-05-20,1,736.11,736.11,paid,2026-05-20T14:32:00
50442,139,105,2026-05-20,1,566.82,566.82,paid,2026-05-20T17:36:00
50443,89,102,2026-05-20,2,881.26,1762.52,paid,2026-05-20T14:49:00
50444,281,105,2026-05-20,2,514.35,1028.7,paid,2026-05-20T22:35:00
50445,372,102,2026-05-20,2,803.65,1607.3,paid,2026-05-20T14:01:00
50446,360,105,2026-05-20,1,632.2,632.2,paid,2026-05-20T20:23:00
50447,182,105,2026-05-20,2,550.37,1100.74,paid,2026-05-20T14:11:00
50448,48,101,2026-05-20,1,1261.04,1261.04,paid,2026-05-20T17:26:00
50449,175,102,2026-05-20,3,767.23,2301.69,paid,2026-05-20T18:46:00
50450,116,104,2026-05-20,2,1005.83,2011.66,refunded,2026-05-20T16:40:00
50451,261,104,2026-05-20,2,1107.47,2214.94,paid,2026-05-20T14:34:00
50452,132,103,2026-05-20,1,1502.48,1502.48,paid,2026-05-20T20:10:00
50453,136,104,2026-05-20,3,1002.3,3006.9,paid,2026-05-20T09:45:00
50454,247,103,2026-05-20,1,1490.44,1490.44,paid,2026-05-20T20:33:00
50455,81,102,2026-05-20,4,757.31,3029.24,paid,2026-05-20T10:50:00
50456,226,101,2026-05-20,1,1262.18,1262.18,paid,2026-05-20T22:43:00
50457,337,102,2026-05-20,1,748.74,748.74,paid,2026-05-20T14:04:00
50458,243,102,2026-05-21,2,898.8,1797.6,paid,2026-05-21T19:55:00
50459,400,105,2026-05-21,2,622.79,1245.58,paid,2026-05-21T13:14:00
50460,178,105,2026-05-21,1,603.48,603.48,paid,2026-05-21T17:12:00
50461,304,105,2026-05-21,2,592.87,1185.74,paid,2026-05-21T17:07:00
50462,243,102,2026-05-21,4,776.08,3104.32,paid,2026-05-21T15:44:00
50463,308,105,2026-05-21,4,597.5,2390.0,paid,2026-05-21T21:03:00
50464,173,104,2026-05-21,5,966.25,4831.25,paid,2026-05-21T16:40:00
50465,277,104,2026-05-21,1,1092.68,1092.68,paid,2026-05-21T17:37:00
50466,345,101,2026-05-21,1,1098.2,1098.2,paid,2026-05-21T15:09:00
50467,200,105,2026-05-21,1,607.2,607.2,refunded,2026-05-21T20:14:00
50468,176,101,2026-05-21,1,1264.17,1264.17,paid,2026-05-21T19:33:00
50469,198,104,2026-05-21,1,998.3,998.3,paid,2026-05-21T16:49:00
50470,342,103,2026-05-21,1,1491.24,1491.24,paid,2026-05-21T21:33:00
50471,42,101,2026-05-21,1,1148.53,1148.53,paid,2026-05-21T16:02:00
50472,285,102,2026-05-21,1,766.58,766.58,paid,2026-05-21T09:47:00
50473,375,103,2026-05-21,2,1416.72,2833.44,paid,2026-05-21T17:11:00
50474,16,104,2026-05-21,4,1152.61,4610.44,paid,2026-05-21T12:56:00
50475,139,104,2026-05-21,1,934.7,934.7,paid,2026-05-21T12:03:00
50476,273,104,2026-05-21,1,1151.5,1151.5,paid,2026-05-21T10:51:00
50477,13,104,2026-05-21,1,1152.08,1152.08,paid,2026-05-21T13:06:00
50478,108,102,2026-05-21,2,894.86,1789.72,paid,2026-05-21T21:07:00
50479,192,101,2026-05-22,2,989.47,1978.94,paid,2026-05-22T09:35:00
50480,238,104,2026-05-22,2,1073.49,2146.98,paid,2026-05-22T13:20:00
50481,198,101,2026-05-22,2,1096.09,2192.18,paid,2026-05-22T19:06:00
50482,95,102,2026-05-22,3,697.86,2093.58,paid,2026-05-22T14:10:00
50483,99,105,2026-05-22,2,571.52,1143.04,paid,2026-05-22T13:18:00
50484,40,103,2026-05-22,1,1497.65,1497.65,paid,2026-05-22T22:06:00
50485,199,102,2026-05-22,2,806.86,1613.72,paid,2026-05-22T14:38:00
50486,188,101,2026-05-22,2,1246.68,2493.36,paid,2026-05-22T16:39:00
50487,165,102,2026-05-22,1,772.29,772.29,paid,2026-05-22T18:48:00
50488,300,102,2026-05-22,1,702.81,702.81,paid,2026-05-22T16:31:00
50489,89,101,2026-05-22,2,1098.42,2196.84,paid,2026-05-22T13:32:00
50490,52,103,2026-05-22,1,1505.57,1505.57,paid,2026-05-22T08:21:00
50491,336,101,2026-05-22,1,1076.51,1076.51,paid,2026-05-22T08:41:00
50492,215,101,2026-05-22,4,1145.46,4581.84,paid,2026-05-22T22:41:00
50493,245,102,2026-05-22,1,875.11,875.11,paid,2026-05-22T19:05:00
50494,69,104,2026-05-22,1,1165.82,1165.82,paid,2026-05-22T22:23:00
50495,282,104,2026-05-22,1,1046.15,1046.15,paid,2026-05-22T20:01:00
50496,373,102,2026-05-22,2,879.88,1759.76,paid,2026-05-22T13:56:00
50497,35,101,2026-05-22,2,1137.73,2275.46,paid,2026-05-22T21:14:00
50498,132,105,2026-05-22,1,506.42,506.42,paid,2026-05-22T13:55:00
50499,55,101,2026-05-22,4,1067.03,4268.12,paid,2026-05-22T16:08:00
50500,267,101,2026-05-22,1,1142.01,1142.01,paid,2026-05-22T17:53:00
50501,319,101,2026-05-22,2,1160.16,2320.32,paid,2026-05-22T20:07:00
50502,67,105,2026-05-22,4,586.72,2346.88,paid,2026-05-22T18:54:00
50503,58,101,2026-05-22,4,1046.78,4187.12,paid,2026-05-22T20:36:00
50504,106,103,2026-05-22,1,1299.07,1299.07,paid,2026-05-22T11:22:00
50505,129,101,2026-05-22,1,1007.62,1007.62,paid,2026-05-22T12:51:00
50506,79,102,2026-05-22,5,732.21,3661.05,paid,2026-05-22T08:46:00
50507,167,101,2026-05-22,2,1215.87,2431.74,paid,2026-05-22T10:50:00
50508,341,104,2026-05-22,3,1124.11,3372.33,refunded,2026-05-22T20:19:00
50509,355,103,2026-05-22,1,1263.35,1263.35,paid,2026-05-22T21:28:00
50510,262,104,2026-05-22,1,1009.79,1009.79,paid,2026-05-22T21:28:00
50511,141,104,2026-05-22,3,1155.72,3467.16,paid,2026-05-22T16:19:00
50512,99,105,2026-05-22,1,592.77,592.77,paid,2026-05-22T08:44:00
50513,120,101,2026-05-22,2,1091.47,2182.94,paid,2026-05-22T16:09:00
50514,390,102,2026-05-22,1,739.93,739.93,paid,2026-05-22T17:53:00
50515,4,103,2026-05-22,1,1259.21,1259.21,paid,2026-05-22T11:57:00
50516,326,103,2026-05-22,5,1292.76,6463.8,paid,2026-05-22T17:43:00
50517,13,102,2026-05-23,1,740.52,740.52,paid,2026-05-23T09:13:00
50518,250,105,2026-05-23,2,610.77,1221.54,paid,2026-05-23T21:58:00
50519,231,102,2026-05-23,1,813.62,813.62,paid,2026-05-23T16:55:00
50520,379,104,2026-05-23,1,922.81,922.81,paid,2026-05-23T21:24:00
50521,365,105,2026-05-23,3,600.34,1801.02,paid,2026-05-23T13:06:00
50522,231,101,2026-05-23,1,1077.12,1077.12,paid,2026-05-23T20:04:00
50523,21,101,2026-05-23,1,1002.0,1002.0,paid,2026-05-23T19:14:00
50524,28,101,2026-05-23,2,1129.45,2258.9,paid,2026-05-23T08:29:00
50525,370,101,2026-05-23,2,1210.55,2421.1,paid,2026-05-23T10:35:00
50526,297,104,2026-05-23,2,1078.33,2156.66,paid,2026-05-23T11:20:00
50527,192,101,2026-05-23,1,1038.04,1038.04,paid,2026-05-23T21:23:00
50528,383,101,2026-05-23,1,1130.75,1130.75,paid,2026-05-23T15:00:00
50529,237,105,2026-05-23,2,633.87,1267.74,paid,2026-05-23T17:48:00
50530,394,101,2026-05-23,1,1004.9,1004.9,paid,2026-05-23T21:06:00
50531,38,105,2026-05-23,1,492.04,492.04,paid,2026-05-23T09:59:00
50532,20,102,2026-05-23,1,757.37,757.37,paid,2026-05-23T15:21:00
50533,16,104,2026-05-23,4,1061.51,4246.04,refunded,2026-05-23T18:22:00
50534,170,105,2026-05-23,2,604.18,1208.36,paid,2026-05-23T08:29:00
50535,345,101,2026-05-23,4,1031.47,4125.88,paid,2026-05-23T09:08:00
50536,158,105,2026-05-23,2,566.19,1132.38,paid,2026-05-23T18:04:00
50537,16,102,2026-05-23,1,790.8,790.8,paid,2026-05-23T12:14:00
50538,233,101,2026-05-23,1,1086.5,1086.5,paid,2026-05-23T13:46:00
50539,153,102,2026-05-23,1,768.35,768.35,paid,2026-05-23T08:45:00
50540,69,105,2026-05-23,3,552.83,1658.49,refunded,2026-05-23T12:48:00
50541,4,103,2026-05-23,1,1371.02,1371.02,paid,2026-05-23T14:13:00
50542,283,102,2026-05-23,1,852.55,852.55,paid,2026-05-23T19:02:00
50543,286,105,2026-05-23,3,635.05,1905.15,paid,2026-05-23T21:55:00
50544,22,101,2026-05-23,3,1204.42,3613.26,paid,2026-05-23T14:10:00
50545,40,101,2026-05-23,1,1214.08,1214.08,paid,2026-05-23T15:01:00
50546,134,101,2026-05-23,1,1146.29,1146.29,paid,2026-05-23T15:22:00
50547,156,103,2026-05-23,1,1355.73,1355.73,paid,2026-05-23T15:17:00
50548,20,105,2026-05-23,1,508.53,508.53,paid,2026-05-23T17:06:00
50549,392,103,2026-05-23,3,1495.09,4485.27,paid,2026-05-23T09:36:00
50550,246,104,2026-05-23,1,1152.75,1152.75,paid,2026-05-23T19:13:00
50551,308,105,2026-05-23,1,576.52,576.52,paid,2026-05-23T11:52:00
50552,155,101,2026-05-23,2,1181.41,2362.82,paid,2026-05-23T08:18:00
50553,350,104,2026-05-23,1,931.77,931.77,paid,2026-05-23T08:14:00
50554,141,101,2026-05-23,3,1112.75,3338.25,paid,2026-05-23T11:20:00
50555,148,104,2026-05-23,1,1079.92,1079.92,paid,2026-05-23T12:02:00
50556,47,101,2026-05-23,1,1050.45,1050.45,paid,2026-05-23T13:12:00
50557,93,104,2026-05-23,2,1019.82,2039.64,paid,2026-05-23T11:05:00
50558,383,102,2026-05-24,1,846.73,846.73,paid,2026-05-24T13:18:00
50559,290,103,2026-05-24,2,1279.48,2558.96,paid,2026-05-24T17:08:00
50560,264,103,2026-05-24,1,1425.83,1425.83,paid,2026-05-24T13:00:00
50561,73,102,2026-05-24,5,719.72,3598.6,paid,2026-05-24T17:29:00
50562,7,101,2026-05-24,1,1155.06,1155.06,paid,2026-05-24T19:51:00
50563,227,105,2026-05-24,2,511.73,1023.46,paid,2026-05-24T11:12:00
50564,155,102,2026-05-24,1,770.52,770.52,paid,2026-05-24T12:55:00
50565,221,102,2026-05-24,1,800.46,800.46,paid,2026-05-24T09:10:00
50566,60,102,2026-05-24,2,833.21,1666.42,paid,2026-05-24T21:57:00
50567,218,105,2026-05-24,2,626.81,1253.62,paid,2026-05-24T09:07:00
50568,61,105,2026-05-24,1,613.7,613.7,paid,2026-05-24T09:30:00
50569,37,105,2026-05-24,1,627.78,627.78,paid,2026-05-24T17:41:00
50570,207,103,2026-05-24,4,1230.37,4921.48,paid,2026-05-24T19:03:00
50571,190,102,2026-05-24,2,731.96,1463.92,paid,2026-05-24T12:34:00
50572,195,103,2026-05-24,1,1383.75,1383.75,paid,2026-05-24T14:17:00
50573,96,104,2026-05-24,1,962.23,962.23,refunded,2026-05-24T11:32:00
50574,156,105,2026-05-24,1,554.44,554.44,paid,2026-05-24T22:48:00
50575,274,104,2026-05-24,1,991.16,991.16,paid,2026-05-24T18:42:00
50576,294,105,2026-05-24,1,605.02,605.02,paid,2026-05-24T21:54:00
50577,344,104,2026-05-24,1,1105.91,1105.91,paid,2026-05-24T16:51:00
50578,107,105,2026-05-25,3,520.57,1561.71,paid,2026-05-25T20:14:00
50579,347,105,2026-05-25,2,604.36,1208.72,paid,2026-05-25T19:48:00
50580,75,105,2026-05-25,2,567.37,1134.74,paid,2026-05-25T17:53:00
50581,332,105,2026-05-25,1,568.0,568.0,paid,2026-05-25T11:10:00
50582,298,102,2026-05-25,3,716.31,2148.93,paid,2026-05-25T12:29:00
50583,23,104,2026-05-25,1,1151.31,1151.31,paid,2026-05-25T10:56:00
50584,254,101,2026-05-25,1,996.41,996.41,paid,2026-05-25T08:06:00
50585,35,102,2026-05-25,2,748.86,1497.72,paid,2026-05-25T19:55:00
50586,240,103,2026-05-25,2,1204.56,2409.12,paid,2026-05-25T11:38:00
50587,161,101,2026-05-25,1,1013.34,1013.34,paid,2026-05-25T18:20:00
50588,337,105,2026-05-25,1,539.88,539.88,paid,2026-05-25T22:37:00
50589,132,104,2026-05-25,1,948.07,948.07,paid,2026-05-25T20:23:00
50590,319,104,2026-05-25,3,930.1,2790.3,paid,2026-05-25T09:33:00
50591,377,103,2026-05-25,4,1520.59,6082.36,paid,2026-05-25T17:39:00
50592,86,104,2026-05-25,1,1105.2,1105.2,paid,2026-05-25T08:19:00
50593,328,102,2026-05-25,4,710.23,2840.92,paid,2026-05-25T12:53:00
50594,221,102,2026-05-25,2,823.82,1647.64,paid,2026-05-25T18:07:00
50595,34,102,2026-05-25,1,736.92,736.92,paid,2026-05-25T22:21:00
50596,294,101,2026-05-25,1,1105.2,1105.2,paid,2026-05-25T08:41:00
50597,296,101,2026-05-25,2,1158.84,2317.68,paid,2026-05-25T20:52:00
50598,147,105,2026-05-25,1,512.81,512.81,paid,2026-05-25T11:05:00
50599,60,102,2026-05-25,2,805.01,1610.02,paid,2026-05-25T21:03:00
50600,276,102,2026-05-25,1,702.41,702.41,paid,2026-05-25T09:35:00
50601,43,102,2026-05-25,1,846.62,846.62,paid,2026-05-25T20:41:00
50602,279,105,2026-05-25,1,552.95,552.95,paid,2026-05-25T17:32:00
50603,207,102,2026-05-25,1,740.01,740.01,paid,2026-05-25T14:01:00
50604,140,103,2026-05-25,1,1252.2,1252.2,paid,2026-05-25T08:11:00
50605,335,103,2026-05-25,1,1458.37,1458.37,paid,2026-05-25T18:14:00
50606,169,101,2026-05-25,2,1215.02,2430.04,paid,2026-05-25T16:08:00
50607,113,102,2026-05-25,2,847.73,1695.46,paid,2026-05-25T12:02:00
50608,162,101,2026-05-25,2,989.23,1978.46,paid,2026-05-25T18:48:00
50609,137,102,2026-05-25,1,783.79,783.79,paid,2026-05-25T17:07:00
50610,23,104,2026-05-25,3,1015.34,3046.02,paid,2026-05-25T15:09:00
50611,306,102,2026-05-25,1,848.37,848.37,paid,2026-05-25T17:27:00
50612,160,103,2026-05-26,1,1483.35,1483.35,paid,2026-05-26T21:07:00
50613,134,102,2026-05-26,1,711.83,711.83,paid,2026-05-26T08:22:00
50614,97,104,2026-05-26,4,1107.09,4428.36,paid,2026-05-26T21:52:00
50615,42,104,2026-05-26,3,1100.89,3302.67,paid,2026-05-26T11:55:00
50616,382,103,2026-05-26,1,1368.48,1368.48,paid,2026-05-26T22:38:00
50617,242,105,2026-05-26,1,565.28,565.28,paid,2026-05-26T21:12:00
50618,120,103,2026-05-26,2,1521.89,3043.78,paid,2026-05-26T20:18:00
50619,304,103,2026-05-26,2,1387.38,2774.76,paid,2026-05-26T17:29:00
50620,302,102,2026-05-26,2,786.88,1573.76,paid,2026-05-26T13:35:00
50621,319,105,2026-05-26,1,509.85,509.85,paid,2026-05-26T16:59:00
50622,324,104,2026-05-26,1,1116.64,1116.64,refunded,2026-05-26T08:19:00
50623,181,102,2026-05-26,1,803.2,803.2,refunded,2026-05-26T21:34:00
50624,183,102,2026-05-26,1,713.87,713.87,paid,2026-05-26T18:18:00
50625,391,101,2026-05-26,1,1017.81,1017.81,paid,2026-05-26T08:16:00
50626,292,101,2026-05-26,2,1219.4,2438.8,paid,2026-05-26T14:37:00
50627,301,101,2026-05-26,1,1182.71,1182.71,paid,2026-05-26T11:22:00
50628,117,104,2026-05-26,4,995.97,3983.88,paid,2026-05-26T08:23:00
50629,71,102,2026-05-26,3,800.21,2400.63,paid,2026-05-26T10:09:00
50630,91,101,2026-05-26,1,1146.83,1146.83,paid,2026-05-26T21:47:00
50631,317,101,2026-05-26,1,1247.29,1247.29,refunded,2026-05-26T11:43:00
50632,246,102,2026-05-26,1,886.28,886.28,paid,2026-05-26T22:04:00
50633,345,102,2026-05-26,2,859.93,1719.86,paid,2026-05-26T21:05:00
50634,80,102,2026-05-26,2,776.32,1552.64,paid,2026-05-26T14:52:00
50635,10,102,2026-05-26,2,740.53,1481.06,paid,2026-05-26T21:45:00
50636,143,101,2026-05-26,1,1191.86,1191.86,paid,2026-05-26T20:40:00
50637,66,104,2026-05-27,2,1000.67,2001.34,paid,2026-05-27T09:36:00
50638,65,102,2026-05-27,1,824.31,824.31,paid,2026-05-27T19:18:00
50639,320,101,2026-05-27,1,1095.11,1095.11,paid,2026-05-27T17:41:00
50640,350,105,2026-05-27,1,536.66,536.66,paid,2026-05-27T12:20:00
50641,96,105,2026-05-27,3,513.01,1539.03,paid,2026-05-27T22:38:00
50642,131,105,2026-05-27,1,528.08,528.08,paid,2026-05-27T10:16:00
50643,219,105,2026-05-27,1,579.23,579.23,paid,2026-05-27T22:11:00
50644,393,104,2026-05-27,2,1039.3,2078.6,paid,2026-05-27T12:57:00
50645,397,101,2026-05-27,2,1170.44,2340.88,paid,2026-05-27T16:38:00
50646,51,101,2026-05-27,2,1073.76,2147.52,paid,2026-05-27T10:05:00
50647,263,101,2026-05-27,1,1200.23,1200.23,paid,2026-05-27T11:45:00
50648,329,101,2026-05-27,1,1029.04,1029.04,paid,2026-05-27T15:39:00
50649,190,101,2026-05-27,4,993.21,3972.84,paid,2026-05-27T19:52:00
50650,6,105,2026-05-27,1,549.63,549.63,paid,2026-05-27T10:46:00
50651,37,105,2026-05-27,1,600.94,600.94,paid,2026-05-27T10:15:00
50652,171,104,2026-05-27,1,1016.08,1016.08,paid,2026-05-27T15:34:00
50653,375,101,2026-05-27,1,1037.25,1037.25,refunded,2026-05-27T15:45:00
50654,214,104,2026-05-27,2,1021.6,2043.2,paid,2026-05-27T21:11:00
50655,150,104,2026-05-27,1,1014.5,1014.5,paid,2026-05-27T19:48:00
50656,108,103,2026-05-27,2,1218.63,2437.26,paid,2026-05-27T10:46:00
50657,36,105,2026-05-27,1,596.8,596.8,paid,2026-05-27T12:45:00
50658,129,102,2026-05-27,2,710.29,1420.58,paid,2026-05-27T17:57:00
50659,319,101,2026-05-27,2,1236.59,2473.18,paid,2026-05-27T09:04:00
50660,347,102,2026-05-27,1,793.25,793.25,paid,2026-05-27T08:32:00
50661,196,103,2026-05-27,1,1484.75,1484.75,paid,2026-05-27T18:25:00
50662,397,102,2026-05-27,1,841.38,841.38,paid,2026-05-27T17:13:00
50663,123,101,2026-05-27,2,1241.12,2482.24,paid,2026-05-27T12:35:00
50664,347,105,2026-05-27,4,625.31,2501.24,paid,2026-05-27T19:15:00
50665,221,105,2026-05-27,2,505.61,1011.22,paid,2026-05-27T08:46:00
50666,284,101,2026-05-27,2,1067.43,2134.86,paid,2026-05-27T10:02:00
50667,81,103,2026-05-27,2,1303.58,2607.16,paid,2026-05-27T10:57:00
50668,207,105,2026-05-27,1,543.84,543.84,paid,2026-05-27T14:12:00
50669,152,101,2026-05-27,1,1226.85,1226.85,paid,2026-05-27T11:14:00
50670,24,104,2026-05-27,2,1126.22,2252.44,paid,2026-05-27T20:11:00
50671,134,102,2026-05-28,1,718.3,718.3,paid,2026-05-28T09:12:00
50672,167,101,2026-05-28,2,1084.05,2168.1,paid,2026-05-28T10:39:00
50673,200,101,2026-05-28,3,1242.5,3727.5,paid,2026-05-28T16:16:00
50674,363,103,2026-05-28,1,1448.48,1448.48,paid,2026-05-28T08:16:00
50675,111,103,2026-05-28,1,1418.93,1418.93,paid,2026-05-28T13:31:00
50676,326,101,2026-05-28,1,1039.38,1039.38,paid,2026-05-28T14:30:00
50677,326,105,2026-05-28,3,573.52,1720.56,paid,2026-05-28T21:46:00
50678,203,104,2026-05-28,1,1003.65,1003.65,paid,2026-05-28T12:31:00
50679,352,105,2026-05-28,2,523.98,1047.96,paid,2026-05-28T22:36:00
50680,17,105,2026-05-28,2,516.19,1032.38,paid,2026-05-28T14:20:00
50681,191,101,2026-05-28,2,1234.66,2469.32,paid,2026-05-28T12:43:00
50682,371,102,2026-05-28,2,711.54,1423.08,paid,2026-05-28T14:01:00
50683,192,102,2026-05-28,1,783.76,783.76,paid,2026-05-28T19:34:00
50684,292,105,2026-05-28,1,567.76,567.76,paid,2026-05-28T15:37:00
50685,105,104,2026-05-28,1,932.81,932.81,paid,2026-05-28T20:15:00
50686,275,102,2026-05-28,1,798.89,798.89,paid,2026-05-28T08:25:00
50687,349,105,2026-05-28,1,618.05,618.05,refunded,2026-05-28T09:24:00
50688,272,103,2026-05-28,1,1469.1,1469.1,paid,2026-05-28T12:19:00
50689,114,103,2026-05-28,1,1282.89,1282.89,paid,2026-05-28T11:28:00
50690,366,103,2026-05-28,1,1452.92,1452.92,paid,2026-05-28T13:44:00
50691,295,105,2026-05-28,1,511.31,511.31,paid,2026-05-28T09:03:00
50692,293,101,2026-05-28,1,999.28,999.28,paid,2026-05-28T11:08:00
50693,69,103,2026-05-28,2,1266.56,2533.12,paid,2026-05-28T11:16:00
50694,33,105,2026-05-28,4,596.41,2385.64,paid,2026-05-28T11:34:00
50695,177,105,2026-05-28,1,499.05,499.05,paid,2026-05-28T22:17:00
50696,44,101,2026-05-28,1,1053.73,1053.73,paid,2026-05-28T14:29:00
50697,182,104,2026-05-28,2,1013.63,2027.26,paid,2026-05-28T12:50:00
50698,299,103,2026-05-28,2,1488.36,2976.72,paid,2026-05-28T20:04:00
50699,121,103,2026-05-28,2,1399.35,2798.7,paid,2026-05-28T11:01:00
50700,125,103,2026-05-28,1,1331.84,1331.84,paid,2026-05-28T10:05:00
50701,339,104,2026-05-28,1,1090.66,1090.66,paid,2026-05-28T09:24:00
50702,257,102,2026-05-28,3,816.97,2450.91,paid,2026-05-28T09:26:00
50703,336,105,2026-05-28,2,621.65,1243.3,paid,2026-05-28T17:48:00
50704,54,104,2026-05-28,5,966.28,4831.4,paid,2026-05-28T19:55:00
50705,170,101,2026-05-28,2,1115.81,2231.62,paid,2026-05-28T10:21:00
50706,357,104,2026-05-28,1,904.67,904.67,paid,2026-05-28T12:06:00
50707,68,102,2026-05-28,4,879.25,3517.0,paid,2026-05-28T20:45:00
50708,273,105,2026-05-28,1,562.78,562.78,paid,2026-05-28T12:25:00
50709,12,101,2026-05-28,1,1188.49,1188.49,paid,2026-05-28T12:29:00
50710,295,102,2026-05-29,1,833.19,833.19,paid,2026-05-29T13:08:00
50711,268,101,2026-05-29,1,1183.82,1183.82,paid,2026-05-29T18:59:00
50712,231,103,2026-05-29,1,1211.98,1211.98,paid,2026-05-29T14:10:00
50713,255,101,2026-05-29,1,1168.38,1168.38,paid,2026-05-29T15:10:00
50714,363,102,2026-05-29,2,752.86,1505.72,paid,2026-05-29T12:40:00
50715,106,103,2026-05-29,3,1207.09,3621.27,refunded,2026-05-29T22:28:00
50716,327,101,2026-05-29,1,1101.81,1101.81,paid,2026-05-29T10:20:00
50717,114,102,2026-05-29,1,830.69,830.69,paid,2026-05-29T11:20:00
50718,279,101,2026-05-29,1,1072.97,1072.97,paid,2026-05-29T18:40:00
50719,184,101,2026-05-29,2,1120.59,2241.18,paid,2026-05-29T14:39:00
50720,48,103,2026-05-29,2,1485.18,2970.36,paid,2026-05-29T11:24:00
50721,87,105,2026-05-29,1,614.19,614.19,paid,2026-05-29T22:02:00
50722,325,103,2026-05-29,1,1383.59,1383.59,paid,2026-05-29T11:14:00
50723,240,103,2026-05-29,1,1304.09,1304.09,paid,2026-05-29T12:07:00
50724,292,102,2026-05-29,2,796.25,1592.5,paid,2026-05-29T19:46:00
50725,257,102,2026-05-29,3,759.61,2278.83,paid,2026-05-29T15:08:00
50726,248,103,2026-05-29,1,1314.2,1314.2,paid,2026-05-29T14:55:00
50727,259,103,2026-05-29,1,1366.82,1366.82,paid,2026-05-29T09:54:00
50728,253,103,2026-05-30,1,1532.39,1532.39,paid,2026-05-30T20:24:00
50729,214,101,2026-05-30,1,1057.8,1057.8,paid,2026-05-30T10:50:00
50730,208,103,2026-05-30,1,1313.63,1313.63,paid,2026-05-30T20:07:00
50731,78,103,2026-05-30,1,1448.95,1448.95,refunded,2026-05-30T22:25:00
50732,85,105,2026-05-30,2,529.11,1058.22,paid,2026-05-30T18:51:00
50733,325,103,2026-05-30,1,1342.75,1342.75,paid,2026-05-30T08:58:00
50734,98,104,2026-05-30,1,937.34,937.34,refunded,2026-05-30T12:40:00
50735,82,101,2026-05-30,1,1215.4,1215.4,paid,2026-05-30T08:13:00
50736,237,103,2026-05-30,5,1522.98,7614.9,paid,2026-05-30T20:32:00
50737,395,103,2026-05-30,3,1249.44,3748.32,paid,2026-05-30T16:06:00
50738,386,101,2026-05-30,1,1061.03,1061.03,paid,2026-05-30T13:35:00
50739,391,102,2026-05-30,1,895.13,895.13,paid,2026-05-30T14:19:00
50740,47,101,2026-05-30,2,1202.02,2404.04,paid,2026-05-30T16:49:00
50741,21,105,2026-05-30,2,611.29,1222.58,paid,2026-05-30T19:28:00
50742,94,102,2026-05-30,1,795.36,795.36,paid,2026-05-30T17:08:00
50743,67,105,2026-05-30,1,628.88,628.88,paid,2026-05-30T13:30:00
50744,208,102,2026-05-30,1,709.34,709.34,paid,2026-05-30T15:40:00
50745,385,101,2026-05-30,4,1098.16,4392.64,paid,2026-05-30T17:24:00
50746,168,102,2026-05-30,1,807.31,807.31,paid,2026-05-30T18:40:00
50747,148,105,2026-05-30,1,570.59,570.59,paid,2026-05-30T15:21:00
50748,253,104,2026-05-30,4,1080.56,4322.24,paid,2026-05-30T09:21:00
50749,330,101,2026-05-30,1,1181.77,1181.77,paid,2026-05-30T22:55:00
50750,12,105,2026-05-30,4,535.98,2143.92,paid,2026-05-30T14:52:00
50751,207,105,2026-05-30,1,623.72,623.72,refunded,2026-05-30T10:01:00
50752,187,102,2026-05-30,2,748.56,1497.12,paid,2026-05-30T18:10:00
50753,248,101,2026-05-30,1,1211.81,1211.81,paid,2026-05-30T12:45:00
50754,315,103,2026-05-30,1,1198.53,1198.53,paid,2026-05-30T17:40:00
50755,308,101,2026-05-30,2,1001.01,2002.02,paid,2026-05-30T13:01:00
50756,256,105,2026-05-31,1,598.53,598.53,paid,2026-05-31T16:16:00
50757,39,103,2026-05-31,2,1193.96,2387.92,paid,2026-05-31T09:42:00
50758,23,102,2026-05-31,1,747.55,747.55,paid,2026-05-31T12:36:00
50759,10,101,2026-05-31,1,984.87,984.87,refunded,2026-05-31T19:09:00
50760,117,103,2026-05-31,1,1381.99,1381.99,paid,2026-05-31T08:01:00
50761,51,105,2026-05-31,1,579.17,579.17,paid,2026-05-31T19:03:00
50762,245,103,2026-05-31,2,1242.9,2485.8,paid,2026-05-31T14:36:00
50763,11,104,2026-05-31,2,1021.13,2042.26,paid,2026-05-31T12:23:00
50764,166,103,2026-05-31,1,1296.45,1296.45,paid,2026-05-31T22:36:00
50765,125,103,2026-05-31,2,1284.79,2569.58,paid,2026-05-31T14:24:00
50766,397,105,2026-05-31,1,501.9,501.9,paid,2026-05-31T14:35:00
50767,399,104,2026-05-31,1,1089.05,1089.05,paid,2026-05-31T12:50:00
50768,278,103,2026-05-31,2,1435.21,2870.42,paid,2026-05-31T11:41:00
50769,162,103,2026-05-31,1,1434.7,1434.7,paid,2026-05-31T13:21:00
50770,174,101,2026-05-31,2,1074.52,2149.04,paid,2026-05-31T14:28:00
50771,142,105,2026-05-31,2,564.34,1128.68,paid,2026-05-31T17:06:00
50772,379,103,2026-05-31,1,1268.28,1268.28,paid,2026-05-31T16:35:00
50773,103,104,2026-05-31,3,1001.62,3004.86,paid,2026-05-31T08:11:00
50774,279,104,2026-05-31,1,1003.69,1003.69,paid,2026-05-31T12:28:00
50775,173,103,2026-05-31,1,1271.7,1271.7,refunded,2026-05-31T16:31:00
50776,184,104,2026-05-31,3,1101.76,3305.28,paid,2026-05-31T15:35:00
50777,230,103,2026-05-31,4,1468.44,5873.76,paid,2026-05-31T11:15:00
50778,396,103,2026-05-31,2,1432.15,2864.3,paid,2026-05-31T21:05:00
50779,4,102,2026-05-31,1,804.25,804.25,paid,2026-05-31T15:12:00
50780,101,103,2026-05-31,1,1273.11,1273.11,paid,2026-05-31T11:50:00
50781,243,103,2026-05-31,1,1396.71,1396.71,paid,2026-05-31T18:40:00
50782,307,102,2026-05-31,3,764.49,2293.47,paid,2026-05-31T19:35:00
50783,79,103,2026-05-31,1,1260.83,1260.83,paid,2026-05-31T17:55:00
50784,314,103,2026-05-31,2,1328.45,2656.9,paid,2026-05-31T13:11:00
50785,39,101,2026-05-31,3,1043.69,3131.07,paid,2026-05-31T13:59:00
50786,359,103,2026-06-01,1,1264.96,1264.96,paid,2026-06-01T20:46:00
50787,40,101,2026-06-01,1,1115.98,1115.98,paid,2026-06-01T16:18:00
50788,49,101,2026-06-01,1,1010.34,1010.34,refunded,2026-06-01T10:56:00
50789,62,104,2026-06-01,2,1135.2,2270.4,paid,2026-06-01T18:18:00
50790,135,105,2026-06-01,2,609.68,1219.36,paid,2026-06-01T22:00:00
50791,11,101,2026-06-01,1,1127.14,1127.14,paid,2026-06-01T22:30:00
50792,329,105,2026-06-01,1,609.17,609.17,paid,2026-06-01T16:18:00
50793,15,101,2026-06-01,3,1164.0,3492.0,paid,2026-06-01T08:29:00
50794,19,103,2026-06-01,1,1253.79,1253.79,paid,2026-06-01T09:13:00
50795,121,101,2026-06-01,2,1090.59,2181.18,refunded,2026-06-01T10:55:00
50796,78,103,2026-06-01,2,1416.33,2832.66,paid,2026-06-01T21:03:00
50797,10,103,2026-06-01,1,1423.42,1423.42,refunded,2026-06-01T14:50:00
50798,327,102,2026-06-01,2,889.58,1779.16,paid,2026-06-01T12:33:00
50799,248,102,2026-06-01,3,727.33,2181.99,paid,2026-06-01T21:12:00
50800,293,104,2026-06-01,1,1134.24,1134.24,paid,2026-06-01T08:31:00
50801,201,103,2026-06-01,1,1513.79,1513.79,paid,2026-06-01T18:45:00
50802,184,105,2026-06-01,3,569.09,1707.27,paid,2026-06-01T14:06:00
50803,222,104,2026-06-01,1,906.88,906.88,paid,2026-06-01T12:14:00
50804,69,105,2026-06-01,1,554.82,554.82,paid,2026-06-01T14:55:00
50805,95,101,2026-06-01,1,1194.58,1194.58,paid,2026-06-01T21:38:00
50806,199,103,2026-06-01,3,1239.82,3719.46,paid,2026-06-01T11:17:00
50807,284,101,2026-06-01,1,1152.33,1152.33,paid,2026-06-01T20:52:00
50808,131,105,2026-06-01,1,561.27,561.27,paid,2026-06-01T20:52:00
50809,49,103,2026-06-01,1,1503.68,1503.68,paid,2026-06-01T09:42:00
50810,116,102,2026-06-01,1,816.55,816.55,paid,2026-06-01T16:33:00
50811,198,102,2026-06-01,3,898.82,2696.46,paid,2026-06-01T09:59:00
50812,239,104,2026-06-01,2,1111.17,2222.34,paid,2026-06-01T16:29:00
50813,232,101,2026-06-01,1,1094.64,1094.64,paid,2026-06-01T16:27:00
50814,262,104,2026-06-01,2,971.72,1943.44,paid,2026-06-01T15:20:00
50815,359,101,2026-06-01,1,1049.53,1049.53,paid,2026-06-01T09:30:00
50816,234,101,2026-06-01,1,1117.45,1117.45,paid,2026-06-01T14:27:00
50817,16,105,2026-06-01,1,607.96,607.96,paid,2026-06-01T09:13:00
50818,326,102,2026-06-01,1,835.85,835.85,paid,2026-06-01T13:28:00
50819,304,104,2026-06-01,1,1129.18,1129.18,paid,2026-06-01T22:37:00
50820,122,105,2026-06-01,1,535.18,535.18,paid,2026-06-01T10:37:00
50821,302,104,2026-06-01,2,978.6,1957.2,paid,2026-06-01T12:56:00
50822,3,102,2026-06-01,1,772.91,772.91,paid,2026-06-01T22:41:00
50823,370,105,2026-06-01,2,558.13,1116.26,paid,2026-06-01T21:55:00
50824,257,101,2026-06-01,1,1230.34,1230.34,paid,2026-06-01T18:23:00
50825,309,102,2026-06-01,3,830.78,2492.34,paid,2026-06-01T12:39:00
50826,135,105,2026-06-01,4,503.7,2014.8,paid,2026-06-01T09:32:00
50827,218,104,2026-06-01,2,1064.8,2129.6,paid,2026-06-01T21:36:00
50828,221,104,2026-06-02,1,1118.87,1118.87,paid,2026-06-02T21:00:00
50829,288,102,2026-06-02,4,865.66,3462.64,paid,2026-06-02T14:46:00
50830,397,103,2026-06-02,2,1490.69,2981.38,paid,2026-06-02T10:04:00
50831,261,103,2026-06-02,4,1215.68,4862.72,paid,2026-06-02T12:37:00
50832,123,102,2026-06-02,1,817.62,817.62,paid,2026-06-02T09:26:00
50833,309,105,2026-06-02,1,505.72,505.72,paid,2026-06-02T20:43:00
50834,360,104,2026-06-02,1,1157.95,1157.95,paid,2026-06-02T22:27:00
50835,121,102,2026-06-02,1,855.9,855.9,paid,2026-06-02T11:33:00
50836,58,101,2026-06-02,1,1208.09,1208.09,refunded,2026-06-02T15:33:00
50837,146,103,2026-06-02,1,1504.25,1504.25,paid,2026-06-02T10:05:00
50838,276,101,2026-06-02,1,1103.12,1103.12,paid,2026-06-02T08:32:00
50839,65,103,2026-06-02,2,1484.54,2969.08,paid,2026-06-02T21:45:00
50840,115,103,2026-06-02,2,1268.4,2536.8,paid,2026-06-02T08:13:00
50841,163,103,2026-06-02,2,1232.99,2465.98,paid,2026-06-02T18:42:00
50842,126,102,2026-06-02,1,772.24,772.24,paid,2026-06-02T21:18:00
50843,171,102,2026-06-02,1,884.3,884.3,paid,2026-06-02T19:27:00
50844,147,103,2026-06-02,1,1425.87,1425.87,paid,2026-06-02T22:04:00
50845,308,102,2026-06-02,2,746.25,1492.5,paid,2026-06-02T16:40:00
50846,244,105,2026-06-02,1,558.12,558.12,paid,2026-06-02T20:22:00
50847,130,104,2026-06-02,1,1057.55,1057.55,paid,2026-06-02T19:30:00
50848,171,105,2026-06-02,1,581.44,581.44,paid,2026-06-02T14:37:00
50849,53,105,2026-06-02,1,513.18,513.18,paid,2026-06-02T10:11:00
50850,376,102,2026-06-02,1,719.53,719.53,paid,2026-06-02T20:02:00
50851,125,102,2026-06-03,1,798.48,798.48,paid,2026-06-03T14:31:00
50852,214,101,2026-06-03,1,1254.63,1254.63,refunded,2026-06-03T16:51:00
50853,231,102,2026-06-03,1,764.99,764.99,paid,2026-06-03T21:03:00
50854,374,104,2026-06-03,5,1118.57,5592.85,paid,2026-06-03T19:07:00
50855,373,101,2026-06-03,1,1093.76,1093.76,paid,2026-06-03T13:06:00
50856,385,104,2026-06-03,5,1163.79,5818.95,paid,2026-06-03T13:48:00
50857,35,103,2026-06-03,1,1511.58,1511.58,refunded,2026-06-03T20:00:00
50858,379,101,2026-06-03,1,1111.35,1111.35,paid,2026-06-03T18:32:00
50859,182,103,2026-06-03,3,1443.33,4329.99,paid,2026-06-03T16:24:00
50860,73,104,2026-06-03,3,1101.52,3304.56,refunded,2026-06-03T14:33:00
50861,44,101,2026-06-03,1,1130.6,1130.6,paid,2026-06-03T19:09:00
50862,126,101,2026-06-03,1,1247.66,1247.66,paid,2026-06-03T10:27:00
50863,281,104,2026-06-03,2,983.97,1967.94,paid,2026-06-03T17:50:00
50864,217,102,2026-06-03,1,871.03,871.03,paid,2026-06-03T08:19:00
50865,135,103,2026-06-03,2,1212.59,2425.18,paid,2026-06-03T14:15:00
50866,278,104,2026-06-03,1,929.89,929.89,paid,2026-06-03T12:12:00
50867,76,102,2026-06-03,1,837.38,837.38,paid,2026-06-03T22:34:00
50868,175,103,2026-06-03,1,1471.53,1471.53,paid,2026-06-03T08:00:00
50869,278,104,2026-06-03,1,1139.89,1139.89,paid,2026-06-03T14:15:00
50870,399,101,2026-06-03,1,1205.06,1205.06,paid,2026-06-03T22:10:00
50871,355,102,2026-06-03,3,828.52,2485.56,refunded,2026-06-03T15:56:00
50872,292,101,2026-06-03,1,1166.77,1166.77,paid,2026-06-03T19:18:00
50873,222,102,2026-06-03,1,727.42,727.42,paid,2026-06-03T11:27:00
50874,373,104,2026-06-03,1,1034.08,1034.08,paid,2026-06-03T09:48:00
50875,290,101,2026-06-03,1,1031.6,1031.6,paid,2026-06-03T14:26:00
50876,271,105,2026-06-03,1,502.76,502.76,paid,2026-06-03T12:58:00
50877,2,103,2026-06-03,1,1198.52,1198.52,paid,2026-06-03T20:50:00
50878,66,102,2026-06-03,1,738.4,738.4,paid,2026-06-03T15:02:00
50879,354,102,2026-06-03,2,713.02,1426.04,paid,2026-06-03T20:16:00
50880,71,102,2026-06-03,1,838.81,838.81,paid,2026-06-03T16:13:00
50881,216,105,2026-06-03,2,556.88,1113.76,paid,2026-06-03T14:57:00
50882,289,101,2026-06-03,2,1258.21,2516.42,paid,2026-06-03T15:54:00
50883,315,101,2026-06-04,2,987.58,1975.16,paid,2026-06-04T19:49:00
50884,109,103,2026-06-04,1,1297.35,1297.35,paid,2026-06-04T21:23:00
50885,167,105,2026-06-04,2,622.36,1244.72,refunded,2026-06-04T08:33:00
50886,173,101,2026-06-04,2,1166.43,2332.86,paid,2026-06-04T21:40:00
50887,365,105,2026-06-04,2,549.89,1099.78,paid,2026-06-04T08:19:00
50888,384,105,2026-06-04,1,564.59,564.59,paid,2026-06-04T16:50:00
50889,313,101,2026-06-04,2,1076.12,2152.24,paid,2026-06-04T11:10:00
50890,300,102,2026-06-04,1,761.04,761.04,paid,2026-06-04T11:22:00
50891,42,101,2026-06-04,1,1200.15,1200.15,paid,2026-06-04T20:14:00
50892,309,103,2026-06-04,2,1476.26,2952.52,paid,2026-06-04T09:17:00
50893,246,102,2026-06-04,1,853.26,853.26,paid,2026-06-04T11:20:00
50894,254,105,2026-06-04,1,507.98,507.98,paid,2026-06-04T10:40:00
50895,133,104,2026-06-04,1,1098.37,1098.37,paid,2026-06-04T22:05:00
50896,1,104,2026-06-04,2,1110.17,2220.34,paid,2026-06-04T18:15:00
50897,17,101,2026-06-04,1,1002.75,1002.75,paid,2026-06-04T09:21:00
50898,286,104,2026-06-04,1,1040.13,1040.13,paid,2026-06-04T19:38:00
50899,353,105,2026-06-04,1,521.5,521.5,paid,2026-06-04T10:56:00
50900,140,104,2026-06-04,1,1003.95,1003.95,paid,2026-06-04T13:39:00
50901,86,105,2026-06-04,5,618.92,3094.6,paid,2026-06-04T11:01:00
50902,227,102,2026-06-04,1,832.23,832.23,refunded,2026-06-04T14:49:00
50903,188,104,2026-06-04,1,1071.95,1071.95,paid,2026-06-04T19:20:00
50904,27,101,2026-06-04,1,1119.78,1119.78,paid,2026-06-04T16:49:00
50905,294,102,2026-06-04,2,866.74,1733.48,paid,2026-06-04T12:58:00
50906,115,103,2026-06-04,1,1189.84,1189.84,paid,2026-06-04T20:05:00
50907,108,103,2026-06-04,1,1366.28,1366.28,paid,2026-06-04T20:05:00
50908,96,103,2026-06-04,2,1437.23,2874.46,paid,2026-06-04T22:01:00
50909,320,102,2026-06-04,1,809.95,809.95,paid,2026-06-04T10:31:00
50910,149,103,2026-06-04,4,1243.23,4972.92,paid,2026-06-04T19:49:00
50911,385,102,2026-06-04,3,886.28,2658.84,paid,2026-06-04T12:30:00
50912,156,105,2026-06-04,3,533.36,1600.08,paid,2026-06-04T16:02:00
50913,355,102,2026-06-04,4,893.96,3575.84,paid,2026-06-04T11:23:00
50914,225,105,2026-06-04,1,542.21,542.21,paid,2026-06-04T20:02:00
50915,240,104,2026-06-04,2,1068.18,2136.36,paid,2026-06-04T17:15:00
50916,214,102,2026-06-04,3,804.98,2414.94,paid,2026-06-04T10:48:00
50917,108,103,2026-06-04,2,1238.44,2476.88,paid,2026-06-04T22:55:00
50918,85,103,2026-06-04,3,1317.61,3952.83,paid,2026-06-04T18:25:00
50919,77,101,2026-06-04,1,1004.78,1004.78,paid,2026-06-04T14:08:00
50920,360,104,2026-06-04,1,917.48,917.48,paid,2026-06-04T13:01:00
50921,202,105,2026-06-05,5,527.63,2638.15,refunded,2026-06-05T12:51:00
50922,186,102,2026-06-05,2,734.78,1469.56,paid,2026-06-05T13:09:00
50923,198,101,2026-06-05,2,1171.08,2342.16,paid,2026-06-05T21:56:00
50924,42,103,2026-06-05,2,1511.96,3023.92,paid,2026-06-05T22:56:00
50925,191,104,2026-06-05,3,1111.43,3334.29,paid,2026-06-05T14:34:00
50926,11,105,2026-06-05,2,549.78,1099.56,paid,2026-06-05T22:06:00
50927,320,105,2026-06-05,1,608.89,608.89,paid,2026-06-05T15:19:00
50928,161,101,2026-06-05,1,1202.0,1202.0,paid,2026-06-05T11:59:00
50929,304,104,2026-06-05,1,922.65,922.65,paid,2026-06-05T22:06:00
50930,65,102,2026-06-05,2,770.09,1540.18,paid,2026-06-05T17:18:00
50931,127,104,2026-06-05,1,1067.91,1067.91,paid,2026-06-05T22:13:00
50932,23,101,2026-06-05,2,1041.64,2083.28,paid,2026-06-05T21:14:00
50933,122,104,2026-06-05,1,1085.69,1085.69,paid,2026-06-05T13:48:00
50934,11,105,2026-06-05,2,552.52,1105.04,refunded,2026-06-05T11:30:00
50935,192,101,2026-06-05,1,1030.24,1030.24,paid,2026-06-05T17:24:00
50936,250,105,2026-06-05,2,590.85,1181.7,paid,2026-06-05T16:59:00
50937,202,103,2026-06-05,1,1478.64,1478.64,refunded,2026-06-05T12:29:00
50938,193,102,2026-06-05,3,790.35,2371.05,paid,2026-06-05T09:51:00
50939,202,101,2026-06-05,3,1104.4,3313.2,paid,2026-06-05T22:10:00
50940,74,102,2026-06-05,1,725.25,725.25,paid,2026-06-05T10:31:00
50941,27,101,2026-06-05,2,1161.89,2323.78,refunded,2026-06-05T17:15:00
50942,68,101,2026-06-05,1,998.97,998.97,paid,2026-06-05T08:12:00
50943,120,104,2026-06-05,3,928.53,2785.59,paid,2026-06-05T14:27:00
50944,267,101,2026-06-05,4,1181.07,4724.28,paid,2026-06-05T17:00:00
50945,31,104,2026-06-05,2,1027.13,2054.26,paid,2026-06-05T16:55:00
50946,61,105,2026-06-05,1,627.41,627.41,paid,2026-06-05T16:20:00
50947,44,105,2026-06-05,2,570.63,1141.26,paid,2026-06-05T21:10:00
50948,359,105,2026-06-05,2,598.85,1197.7,paid,2026-06-05T18:25:00
50949,309,102,2026-06-05,1,833.02,833.02,paid,2026-06-05T21:36:00
50950,122,105,2026-06-05,2,595.29,1190.58,paid,2026-06-05T11:06:00
50951,83,101,2026-06-05,1,1064.42,1064.42,refunded,2026-06-05T08:16:00
50952,158,101,2026-06-06,1,1011.56,1011.56,paid,2026-06-06T13:07:00
50953,136,102,2026-06-06,2,815.76,1631.52,paid,2026-06-06T14:53:00
50954,97,103,2026-06-06,1,1222.12,1222.12,paid,2026-06-06T21:08:00
50955,177,101,2026-06-06,2,1071.84,2143.68,paid,2026-06-06T11:55:00
50956,249,101,2026-06-06,1,1258.59,1258.59,paid,2026-06-06T11:55:00
50957,397,105,2026-06-06,1,513.0,513.0,paid,2026-06-06T19:07:00
50958,166,102,2026-06-06,1,734.13,734.13,paid,2026-06-06T15:52:00
50959,53,105,2026-06-06,1,546.13,546.13,paid,2026-06-06T14:57:00
50960,133,101,2026-06-06,4,1113.96,4455.84,paid,2026-06-06T22:07:00
50961,9,105,2026-06-06,4,522.41,2089.64,paid,2026-06-06T11:55:00
50962,292,103,2026-06-06,2,1493.13,2986.26,refunded,2026-06-06T10:24:00
50963,42,101,2026-06-06,2,1023.32,2046.64,refunded,2026-06-06T17:34:00
50964,303,104,2026-06-06,3,1152.85,3458.55,paid,2026-06-06T15:49:00
50965,56,104,2026-06-06,1,1090.04,1090.04,paid,2026-06-06T11:31:00
50966,162,103,2026-06-06,2,1486.75,2973.5,paid,2026-06-06T21:19:00
50967,186,102,2026-06-06,1,799.27,799.27,paid,2026-06-06T13:48:00
50968,135,101,2026-06-06,2,1057.96,2115.92,paid,2026-06-06T19:05:00
50969,296,104,2026-06-06,3,917.51,2752.53,paid,2026-06-06T20:01:00
50970,102,105,2026-06-06,1,600.82,600.82,paid,2026-06-06T16:55:00
50971,244,104,2026-06-06,1,958.22,958.22,paid,2026-06-06T13:03:00
50972,65,104,2026-06-06,1,968.46,968.46,paid,2026-06-06T13:29:00
50973,56,102,2026-06-06,1,751.49,751.49,paid,2026-06-06T18:07:00
50974,282,104,2026-06-06,3,1090.02,3270.06,paid,2026-06-06T13:23:00
50975,170,101,2026-06-06,1,1174.03,1174.03,paid,2026-06-06T12:21:00
50976,161,102,2026-06-06,1,868.76,868.76,paid,2026-06-06T12:40:00
50977,124,105,2026-06-06,1,542.18,542.18,paid,2026-06-06T12:55:00
50978,256,105,2026-06-06,2,496.58,993.16,paid,2026-06-06T08:14:00
50979,237,104,2026-06-06,2,914.33,1828.66,paid,2026-06-06T21:32:00
50980,350,101,2026-06-06,1,1066.09,1066.09,refunded,2026-06-06T11:06:00
50981,267,102,2026-06-06,1,708.55,708.55,paid,2026-06-06T09:35:00
50982,291,102,2026-06-06,1,821.42,821.42,paid,2026-06-06T15:18:00
50983,379,105,2026-06-06,1,517.99,517.99,paid,2026-06-06T20:17:00
50984,238,102,2026-06-06,1,697.45,697.45,paid,2026-06-06T19:16:00
50985,331,103,2026-06-06,3,1288.43,3865.29,paid,2026-06-06T22:33:00
50986,391,102,2026-06-06,1,855.84,855.84,paid,2026-06-06T13:54:00
50987,49,105,2026-06-06,2,582.99,1165.98,paid,2026-06-06T15:47:00
50988,174,104,2026-06-06,1,1101.23,1101.23,paid,2026-06-06T20:55:00
50989,17,101,2026-06-06,1,1086.21,1086.21,paid,2026-06-06T15:19:00
50990,58,102,2026-06-07,1,804.17,804.17,paid,2026-06-07T18:22:00
50991,139,103,2026-06-07,1,1448.41,1448.41,paid,2026-06-07T09:56:00
50992,378,104,2026-06-07,1,1133.05,1133.05,paid,2026-06-07T11:45:00
50993,370,101,2026-06-07,3,1201.6,3604.8,paid,2026-06-07T13:36:00
50994,329,104,2026-06-07,1,933.44,933.44,paid,2026-06-07T09:53:00
50995,35,102,2026-06-07,2,813.78,1627.56,paid,2026-06-07T16:39:00
50996,341,102,2026-06-07,1,714.36,714.36,paid,2026-06-07T14:59:00
50997,116,102,2026-06-07,2,760.68,1521.36,paid,2026-06-07T19:24:00
50998,154,101,2026-06-07,2,1229.68,2459.36,paid,2026-06-07T14:09:00
50999,276,102,2026-06-07,1,830.23,830.23,paid,2026-06-07T14:06:00
51000,296,104,2026-06-07,2,1041.52,2083.04,paid,2026-06-07T14:59:00
51001,134,102,2026-06-07,1,809.81,809.81,paid,2026-06-07T08:05:00
51002,83,104,2026-06-07,2,1049.27,2098.54,paid,2026-06-07T12:27:00
51003,68,103,2026-06-07,4,1290.57,5162.28,paid,2026-06-07T14:00:00
51004,365,103,2026-06-07,1,1517.2,1517.2,paid,2026-06-07T16:41:00
51005,238,103,2026-06-07,1,1316.29,1316.29,paid,2026-06-07T18:56:00
51006,293,102,2026-06-07,3,839.0,2517.0,paid,2026-06-07T18:41:00
51007,375,103,2026-06-07,1,1372.68,1372.68,refunded,2026-06-07T20:27:00
51008,148,103,2026-06-07,4,1393.12,5572.48,paid,2026-06-07T14:47:00
51009,395,101,2026-06-07,1,997.73,997.73,paid,2026-06-07T22:39:00
51010,253,105,2026-06-07,1,623.44,623.44,paid,2026-06-07T16:33:00
51011,366,103,2026-06-07,1,1270.76,1270.76,paid,2026-06-07T21:11:00
51012,5,105,2026-06-08,2,591.32,1182.64,paid,2026-06-08T22:16:00
51013,329,102,2026-06-08,5,774.74,3873.7,paid,2026-06-08T21:52:00
51014,99,102,2026-06-08,1,738.43,738.43,paid,2026-06-08T16:19:00
51015,241,105,2026-06-08,3,588.26,1764.78,paid,2026-06-08T14:19:00
51016,254,102,2026-06-08,1,713.56,713.56,paid,2026-06-08T14:59:00
51017,286,102,2026-06-08,1,770.71,770.71,paid,2026-06-08T20:54:00
51018,292,102,2026-06-08,3,862.88,2588.64,paid,2026-06-08T13:49:00
51019,131,104,2026-06-08,1,958.82,958.82,paid,2026-06-08T14:34:00
51020,258,103,2026-06-08,1,1231.74,1231.74,paid,2026-06-08T12:56:00
51021,138,102,2026-06-08,5,713.17,3565.85,paid,2026-06-08T20:07:00
51022,351,103,2026-06-08,3,1485.44,4456.32,paid,2026-06-08T14:10:00
51023,186,101,2026-06-08,2,1049.25,2098.5,paid,2026-06-08T19:59:00
51024,77,104,2026-06-08,4,934.52,3738.08,paid,2026-06-08T09:22:00
51025,15,102,2026-06-08,1,852.31,852.31,paid,2026-06-08T13:17:00
51026,156,105,2026-06-08,1,568.5,568.5,paid,2026-06-08T11:44:00
51027,357,104,2026-06-08,3,990.36,2971.08,paid,2026-06-08T17:24:00
51028,361,104,2026-06-08,1,1042.77,1042.77,paid,2026-06-08T08:07:00
51029,204,101,2026-06-08,2,1065.26,2130.52,paid,2026-06-08T18:09:00
51030,315,102,2026-06-08,1,848.87,848.87,paid,2026-06-08T14:07:00
51031,202,102,2026-06-08,1,748.97,748.97,paid,2026-06-08T08:51:00
51032,62,101,2026-06-08,1,1262.77,1262.77,paid,2026-06-08T14:27:00
51033,388,105,2026-06-08,1,530.6,530.6,paid,2026-06-08T12:38:00
51034,290,101,2026-06-08,1,1242.2,1242.2,paid,2026-06-08T16:58:00
51035,44,104,2026-06-08,1,1000.44,1000.44,paid,2026-06-08T15:32:00
51036,116,105,2026-06-08,2,609.55,1219.1,paid,2026-06-08T08:29:00
51037,66,102,2026-06-08,1,889.99,889.99,paid,2026-06-08T14:46:00
51038,303,104,2026-06-08,1,977.04,977.04,refunded,2026-06-08T21:50:00
51039,120,105,2026-06-08,5,629.53,3147.65,paid,2026-06-08T09:47:00
51040,314,102,2026-06-08,1,733.21,733.21,paid,2026-06-08T14:31:00
51041,172,102,2026-06-08,2,741.93,1483.86,paid,2026-06-08T22:14:00
51042,116,102,2026-06-08,1,817.39,817.39,paid,2026-06-08T14:34:00
51043,278,104,2026-06-08,1,1030.85,1030.85,paid,2026-06-08T13:32:00
51044,309,105,2026-06-08,5,576.38,2881.9,paid,2026-06-08T13:14:00
51045,398,102,2026-06-08,1,861.33,861.33,paid,2026-06-08T18:37:00
51046,53,104,2026-06-09,1,1140.88,1140.88,paid,2026-06-09T18:56:00
51047,291,104,2026-06-09,1,1012.46,1012.46,paid,2026-06-09T21:28:00
51048,333,105,2026-06-09,1,506.81,506.81,paid,2026-06-09T12:30:00
51049,160,101,2026-06-09,1,1094.36,1094.36,paid,2026-06-09T09:51:00
51050,2,103,2026-06-09,1,1474.2,1474.2,paid,2026-06-09T22:07:00
51051,204,105,2026-06-09,2,583.79,1167.58,paid,2026-06-09T19:11:00
51052,166,103,2026-06-09,1,1241.97,1241.97,paid,2026-06-09T22:38:00
51053,93,105,2026-06-09,1,581.94,581.94,paid,2026-06-09T16:55:00
51054,218,104,2026-06-09,1,1159.46,1159.46,paid,2026-06-09T15:54:00
51055,338,105,2026-06-09,3,569.45,1708.35,paid,2026-06-09T22:01:00
51056,205,104,2026-06-09,1,1068.26,1068.26,paid,2026-06-09T20:45:00
51057,58,101,2026-06-09,2,1260.47,2520.94,paid,2026-06-09T13:53:00
51058,3,105,2026-06-09,1,529.8,529.8,paid,2026-06-09T11:02:00
51059,87,101,2026-06-09,1,1253.73,1253.73,paid,2026-06-09T20:54:00
51060,252,102,2026-06-09,1,893.45,893.45,paid,2026-06-09T09:53:00
51061,363,101,2026-06-09,5,1170.18,5850.9,paid,2026-06-09T11:29:00
51062,33,105,2026-06-09,1,550.26,550.26,paid,2026-06-09T09:51:00
51063,244,102,2026-06-09,1,891.95,891.95,paid,2026-06-09T10:19:00
51064,250,101,2026-06-09,4,1043.53,4174.12,paid,2026-06-09T19:29:00
51065,65,104,2026-06-09,2,915.41,1830.82,paid,2026-06-09T22:28:00
51066,38,104,2026-06-09,1,1013.84,1013.84,paid,2026-06-09T12:51:00
51067,322,103,2026-06-09,1,1351.85,1351.85,paid,2026-06-09T10:52:00
51068,151,104,2026-06-09,2,937.35,1874.7,paid,2026-06-09T11:34:00
51069,201,102,2026-06-09,1,716.04,716.04,paid,2026-06-09T21:03:00
51070,398,105,2026-06-09,2,549.89,1099.78,paid,2026-06-09T10:54:00
51071,219,105,2026-06-09,2,512.99,1025.98,paid,2026-06-09T14:14:00
51072,387,105,2026-06-09,1,522.0,522.0,paid,2026-06-09T10:54:00
51073,286,102,2026-06-09,1,845.87,845.87,paid,2026-06-09T17:49:00
51074,207,102,2026-06-09,1,804.52,804.52,paid,2026-06-09T09:07:00
51075,76,101,2026-06-09,2,1061.44,2122.88,paid,2026-06-09T13:00:00
51076,41,101,2026-06-09,2,1064.73,2129.46,refunded,2026-06-09T10:12:00
51077,181,105,2026-06-09,2,622.48,1244.96,paid,2026-06-09T18:39:00
51078,116,105,2026-06-10,2,575.09,1150.18,paid,2026-06-10T20:32:00
51079,10,103,2026-06-10,1,1480.62,1480.62,paid,2026-06-10T08:02:00
51080,279,102,2026-06-10,5,899.15,4495.75,paid,2026-06-10T13:07:00
51081,147,105,2026-06-10,1,621.75,621.75,refunded,2026-06-10T15:57:00
51082,69,101,2026-06-10,1,1167.36,1167.36,paid,2026-06-10T11:57:00
51083,270,102,2026-06-10,1,852.32,852.32,paid,2026-06-10T22:21:00
51084,200,101,2026-06-10,2,1257.11,2514.22,paid,2026-06-10T21:37:00
51085,389,101,2026-06-10,1,1003.9,1003.9,paid,2026-06-10T21:29:00
51086,177,102,2026-06-10,3,819.89,2459.67,paid,2026-06-10T20:56:00
51087,53,101,2026-06-10,2,1141.89,2283.78,paid,2026-06-10T18:36:00
51088,284,101,2026-06-10,1,1133.46,1133.46,paid,2026-06-10T10:14:00
51089,387,103,2026-06-10,3,1368.24,4104.72,paid,2026-06-10T16:27:00
51090,168,105,2026-06-10,1,577.97,577.97,paid,2026-06-10T17:24:00
51091,181,104,2026-06-10,1,1104.5,1104.5,paid,2026-06-10T10:53:00
51092,371,103,2026-06-10,2,1462.94,2925.88,paid,2026-06-10T19:30:00
51093,159,101,2026-06-10,1,1077.13,1077.13,paid,2026-06-10T20:20:00
51094,185,101,2026-06-10,1,1142.36,1142.36,paid,2026-06-10T19:38:00
51095,63,104,2026-06-10,1,1019.49,1019.49,paid,2026-06-10T12:17:00
51096,39,102,2026-06-10,2,843.74,1687.48,paid,2026-06-10T11:07:00
51097,319,104,2026-06-10,1,928.02,928.02,refunded,2026-06-10T15:04:00
51098,21,105,2026-06-10,1,519.79,519.79,paid,2026-06-10T20:09:00
51099,379,101,2026-06-10,2,1162.84,2325.68,paid,2026-06-10T11:55:00
51100,208,104,2026-06-10,1,944.23,944.23,paid,2026-06-10T21:15:00
51101,138,105,2026-06-10,1,569.28,569.28,paid,2026-06-10T21:58:00
51102,375,103,2026-06-11,4,1229.43,4917.72,paid,2026-06-11T08:16:00
51103,19,101,2026-06-11,1,1096.7,1096.7,paid,2026-06-11T22:04:00
51104,255,103,2026-06-11,1,1374.28,1374.28,paid,2026-06-11T15:51:00
51105,48,105,2026-06-11,2,629.14,1258.28,paid,2026-06-11T14:23:00
51106,251,104,2026-06-11,3,1127.17,3381.51,refunded,2026-06-11T11:50:00
51107,327,103,2026-06-11,3,1209.83,3629.49,paid,2026-06-11T10:45:00
51108,274,102,2026-06-11,2,804.95,1609.9,paid,2026-06-11T13:09:00
51109,364,104,2026-06-11,2,1109.9,2219.8,paid,2026-06-11T11:22:00
51110,61,102,2026-06-11,3,800.04,2400.12,refunded,2026-06-11T11:14:00
51111,44,105,2026-06-11,4,542.16,2168.64,refunded,2026-06-11T13:30:00
51112,336,105,2026-06-11,1,560.27,560.27,paid,2026-06-11T16:33:00
51113,158,105,2026-06-11,1,588.33,588.33,paid,2026-06-11T08:53:00
51114,292,102,2026-06-11,2,852.52,1705.04,paid,2026-06-11T12:14:00
51115,20,104,2026-06-11,4,1123.67,4494.68,paid,2026-06-11T11:46:00
51116,388,105,2026-06-11,2,504.17,1008.34,paid,2026-06-11T13:51:00
51117,84,103,2026-06-11,1,1507.57,1507.57,paid,2026-06-11T13:52:00
51118,252,104,2026-06-11,1,1003.67,1003.67,paid,2026-06-11T11:03:00
51119,89,101,2026-06-11,1,1035.77,1035.77,paid,2026-06-11T20:13:00
51120,228,105,2026-06-11,3,497.81,1493.43,paid,2026-06-11T16:34:00
51121,42,105,2026-06-11,1,536.08,536.08,paid,2026-06-11T15:23:00
51122,303,101,2026-06-12,2,1270.66,2541.32,paid,2026-06-12T09:26:00
51123,317,103,2026-06-12,1,1484.05,1484.05,paid,2026-06-12T13:20:00
51124,103,102,2026-06-12,3,708.8,2126.4,refunded,2026-06-12T15:30:00
51125,103,101,2026-06-12,3,1075.29,3225.87,paid,2026-06-12T16:42:00
51126,238,101,2026-06-12,3,1015.74,3047.22,paid,2026-06-12T18:37:00
51127,307,102,2026-06-12,2,792.19,1584.38,paid,2026-06-12T12:25:00
51128,392,104,2026-06-12,1,1161.73,1161.73,paid,2026-06-12T19:46:00
51129,45,103,2026-06-12,2,1273.81,2547.62,paid,2026-06-12T21:23:00
51130,319,103,2026-06-12,1,1258.26,1258.26,paid,2026-06-12T08:42:00
51131,151,105,2026-06-12,2,581.01,1162.02,paid,2026-06-12T14:17:00
51132,168,102,2026-06-12,3,742.28,2226.84,paid,2026-06-12T09:55:00
51133,7,103,2026-06-12,3,1374.68,4124.04,paid,2026-06-12T08:13:00
51134,355,102,2026-06-12,1,858.6,858.6,paid,2026-06-12T08:07:00
51135,357,102,2026-06-12,1,785.18,785.18,paid,2026-06-12T17:17:00
51136,347,101,2026-06-12,1,1050.85,1050.85,paid,2026-06-12T14:31:00
51137,361,101,2026-06-12,1,1155.51,1155.51,paid,2026-06-12T15:15:00
51138,228,105,2026-06-12,1,591.67,591.67,paid,2026-06-12T10:17:00
51139,297,104,2026-06-12,1,966.72,966.72,paid,2026-06-12T20:05:00
51140,246,103,2026-06-12,1,1427.16,1427.16,paid,2026-06-12T22:13:00
51141,71,102,2026-06-12,1,719.81,719.81,paid,2026-06-12T20:05:00
51142,81,101,2026-06-12,2,1152.26,2304.52,paid,2026-06-12T16:16:00
51143,205,101,2026-06-12,2,1126.62,2253.24,paid,2026-06-12T10:01:00
51144,149,101,2026-06-12,1,1208.11,1208.11,paid,2026-06-12T11:25:00
51145,27,101,2026-06-12,1,1001.93,1001.93,paid,2026-06-12T19:46:00
51146,174,105,2026-06-12,5,556.42,2782.1,paid,2026-06-12T08:07:00
51147,16,103,2026-06-12,1,1200.87,1200.87,paid,2026-06-12T13:44:00
51148,359,101,2026-06-12,2,1142.4,2284.8,paid,2026-06-12T10:10:00
51149,156,105,2026-06-12,2,598.88,1197.76,paid,2026-06-12T17:38:00
51150,126,102,2026-06-12,1,777.87,777.87,paid,2026-06-12T12:27:00
51151,274,103,2026-06-12,1,1266.32,1266.32,paid,2026-06-12T09:30:00
51152,389,105,2026-06-12,1,574.85,574.85,paid,2026-06-12T22:23:00
51153,67,105,2026-06-12,3,598.41,1795.23,paid,2026-06-12T12:31:00
51154,349,104,2026-06-12,1,1027.93,1027.93,paid,2026-06-12T20:53:00
51155,340,103,2026-06-12,1,1224.21,1224.21,paid,2026-06-12T17:20:00
51156,259,102,2026-06-12,5,799.32,3996.6,paid,2026-06-12T08:46:00
51157,266,104,2026-06-12,1,921.1,921.1,paid,2026-06-12T22:40:00
51158,168,104,2026-06-12,3,1020.78,3062.34,paid,2026-06-12T20:52:00
51159,390,101,2026-06-13,3,1136.3,3408.9,paid,2026-06-13T22:32:00
51160,378,103,2026-06-13,1,1338.5,1338.5,paid,2026-06-13T14:34:00
51161,243,105,2026-06-13,1,599.27,599.27,paid,2026-06-13T21:57:00
51162,88,103,2026-06-13,2,1456.53,2913.06,paid,2026-06-13T08:27:00
51163,63,105,2026-06-13,2,601.88,1203.76,paid,2026-06-13T09:07:00
51164,69,101,2026-06-13,1,1200.33,1200.33,paid,2026-06-13T19:03:00
51165,228,104,2026-06-13,2,964.73,1929.46,refunded,2026-06-13T11:02:00
51166,299,102,2026-06-13,2,734.9,1469.8,paid,2026-06-13T20:41:00
51167,234,101,2026-06-13,2,1197.21,2394.42,paid,2026-06-13T19:53:00
51168,177,103,2026-06-13,1,1334.67,1334.67,refunded,2026-06-13T14:05:00
51169,293,105,2026-06-13,1,609.33,609.33,paid,2026-06-13T20:16:00
51170,351,103,2026-06-13,1,1446.58,1446.58,paid,2026-06-13T11:54:00
51171,155,105,2026-06-13,1,597.45,597.45,paid,2026-06-13T14:09:00
51172,36,104,2026-06-13,3,982.92,2948.76,paid,2026-06-13T17:35:00
51173,148,101,2026-06-13,2,1087.4,2174.8,paid,2026-06-13T09:05:00
51174,152,105,2026-06-13,1,604.12,604.12,paid,2026-06-13T18:27:00
51175,220,101,2026-06-13,3,1235.86,3707.58,paid,2026-06-13T22:18:00
51176,118,102,2026-06-13,1,716.87,716.87,paid,2026-06-13T17:08:00
51177,281,103,2026-06-13,1,1329.63,1329.63,paid,2026-06-13T15:45:00
51178,345,105,2026-06-13,1,518.4,518.4,paid,2026-06-13T19:33:00
51179,376,103,2026-06-13,2,1321.62,2643.24,paid,2026-06-13T20:00:00
51180,187,104,2026-06-13,1,954.08,954.08,paid,2026-06-13T19:38:00
51181,269,105,2026-06-13,1,611.74,611.74,paid,2026-06-13T13:44:00
51182,159,104,2026-06-13,2,1063.14,2126.28,paid,2026-06-13T13:09:00
51183,108,102,2026-06-13,1,744.43,744.43,paid,2026-06-13T14:23:00
51184,300,103,2026-06-13,1,1218.91,1218.91,paid,2026-06-13T22:45:00
51185,130,101,2026-06-13,1,1011.82,1011.82,paid,2026-06-13T11:53:00
51186,185,102,2026-06-13,1,736.64,736.64,paid,2026-06-13T20:36:00
51187,72,103,2026-06-13,1,1528.19,1528.19,paid,2026-06-13T21:47:00
51188,213,102,2026-06-13,1,863.91,863.91,paid,2026-06-13T10:57:00
51189,210,105,2026-06-14,1,632.74,632.74,paid,2026-06-14T18:05:00
51190,79,101,2026-06-14,1,1222.3,1222.3,paid,2026-06-14T17:17:00
51191,122,102,2026-06-14,1,864.36,864.36,paid,2026-06-14T22:50:00
51192,115,103,2026-06-14,1,1241.01,1241.01,paid,2026-06-14T22:37:00
51193,138,101,2026-06-14,1,1146.32,1146.32,paid,2026-06-14T09:28:00
51194,146,103,2026-06-14,1,1448.28,1448.28,paid,2026-06-14T11:28:00
51195,261,102,2026-06-14,1,736.19,736.19,paid,2026-06-14T13:44:00
51196,361,103,2026-06-14,4,1417.52,5670.08,paid,2026-06-14T22:30:00
51197,76,101,2026-06-14,3,1154.83,3464.49,paid,2026-06-14T18:13:00
51198,179,104,2026-06-14,1,1159.6,1159.6,paid,2026-06-14T18:57:00
51199,49,104,2026-06-14,1,1077.17,1077.17,paid,2026-06-14T08:58:00
51200,129,103,2026-06-14,2,1330.27,2660.54,refunded,2026-06-14T14:21:00
51201,11,103,2026-06-14,1,1470.25,1470.25,paid,2026-06-14T08:08:00
51202,235,104,2026-06-14,4,958.88,3835.52,paid,2026-06-14T08:00:00
51203,338,104,2026-06-14,1,1102.78,1102.78,paid,2026-06-14T20:40:00
51204,285,104,2026-06-14,1,1127.04,1127.04,paid,2026-06-14T13:25:00
51205,299,101,2026-06-14,2,1013.2,2026.4,refunded,2026-06-14T11:03:00
51206,328,105,2026-06-14,4,508.51,2034.04,paid,2026-06-14T22:47:00
51207,63,104,2026-06-14,3,1102.56,3307.68,paid,2026-06-14T13:16:00
51208,366,104,2026-06-14,2,968.3,1936.6,paid,2026-06-14T08:25:00
51209,81,105,2026-06-14,2,497.71,995.42,paid,2026-06-14T11:22:00
51210,234,102,2026-06-14,1,876.58,876.58,paid,2026-06-14T19:49:00
51211,19,102,2026-06-14,2,828.06,1656.12,refunded,2026-06-14T10:46:00
51212,213,102,2026-06-14,1,797.8,797.8,refunded,2026-06-14T08:02:00
51213,265,105,2026-06-14,1,549.31,549.31,paid,2026-06-14T16:23:00
51214,291,104,2026-06-14,3,961.05,2883.15,paid,2026-06-14T11:28:00
51215,134,104,2026-06-14,5,1010.84,5054.2,paid,2026-06-14T17:49:00
51216,227,102,2026-06-14,1,898.26,898.26,paid,2026-06-14T14:45:00
51217,181,103,2026-06-14,1,1201.85,1201.85,paid,2026-06-14T12:09:00
51218,381,102,2026-06-14,1,741.96,741.96,refunded,2026-06-14T15:38:00
51219,396,105,2026-06-14,2,506.59,1013.18,paid,2026-06-14T16:28:00
51220,14,102,2026-06-14,4,837.78,3351.12,paid,2026-06-14T16:49:00
51221,163,101,2026-06-15,1,1211.83,1211.83,paid,2026-06-15T15:54:00
51222,98,103,2026-06-15,1,1391.25,1391.25,paid,2026-06-15T14:31:00
51223,380,101,2026-06-15,2,1092.78,2185.56,paid,2026-06-15T21:55:00
51224,294,102,2026-06-15,1,757.45,757.45,paid,2026-06-15T14:13:00
51225,28,101,2026-06-15,1,1000.28,1000.28,paid,2026-06-15T16:34:00
51226,6,103,2026-06-15,1,1514.73,1514.73,paid,2026-06-15T15:20:00
51227,234,105,2026-06-15,4,605.8,2423.2,paid,2026-06-15T14:47:00
51228,53,105,2026-06-15,1,574.47,574.47,refunded,2026-06-15T16:28:00
51229,154,102,2026-06-15,2,886.38,1772.76,paid,2026-06-15T18:20:00
51230,281,104,2026-06-15,1,961.84,961.84,paid,2026-06-15T20:07:00
51231,396,101,2026-06-15,1,1038.59,1038.59,paid,2026-06-15T18:04:00
51232,262,103,2026-06-15,1,1478.61,1478.61,paid,2026-06-15T14:00:00
51233,280,101,2026-06-15,1,1241.54,1241.54,paid,2026-06-15T17:06:00
51234,162,103,2026-06-15,2,1319.29,2638.58,paid,2026-06-15T20:29:00
51235,196,104,2026-06-15,1,1110.14,1110.14,refunded,2026-06-15T09:19:00
51236,173,101,2026-06-15,1,1269.84,1269.84,paid,2026-06-15T19:13:00
51237,257,104,2026-06-15,1,1126.8,1126.8,paid,2026-06-15T11:47:00
51238,248,103,2026-06-15,3,1398.85,4196.55,paid,2026-06-15T10:43:00
51239,157,105,2026-06-15,1,514.02,514.02,paid,2026-06-15T12:32:00
51240,396,105,2026-06-15,1,568.66,568.66,paid,2026-06-15T08:41:00
51241,306,104,2026-06-15,1,1073.61,1073.61,paid,2026-06-15T18:55:00
51242,400,101,2026-06-15,1,1202.1,1202.1,paid,2026-06-15T11:21:00
51243,87,102,2026-06-15,1,838.46,838.46,paid,2026-06-15T21:47:00
51244,33,102,2026-06-15,1,707.85,707.85,paid,2026-06-15T20:11:00
51245,266,103,2026-06-15,1,1527.66,1527.66,paid,2026-06-15T11:34:00
51246,359,103,2026-06-15,2,1239.62,2479.24,paid,2026-06-15T15:11:00
51247,330,101,2026-06-15,2,1019.81,2039.62,paid,2026-06-15T14:09:00
51248,329,105,2026-06-15,1,596.76,596.76,paid,2026-06-15T10:12:00
51249,37,103,2026-06-15,1,1268.87,1268.87,paid,2026-06-15T11:56:00
51250,267,103,2026-06-15,2,1425.24,2850.48,paid,2026-06-15T14:40:00
51251,272,104,2026-06-15,1,909.91,909.91,paid,2026-06-15T22:59:00
51252,208,104,2026-06-15,2,1126.24,2252.48,paid,2026-06-15T13:14:00
51253,134,102,2026-06-15,4,868.63,3474.52,paid,2026-06-15T18:43:00
51254,353,104,2026-06-15,1,968.41,968.41,paid,2026-06-15T20:00:00
51255,82,101,2026-06-15,1,1011.41,1011.41,paid,2026-06-15T16:51:00
51256,220,101,2026-06-15,3,1217.86,3653.58,paid,2026-06-15T15:18:00
51257,300,101,2026-06-15,1,1002.37,1002.37,paid,2026-06-15T09:56:00
51258,241,102,2026-06-15,1,837.86,837.86,paid,2026-06-15T22:15:00
51259,129,103,2026-06-15,1,1422.48,1422.48,paid,2026-06-15T09:57:00
51260,249,103,2026-06-15,1,1360.82,1360.82,paid,2026-06-15T09:57:00
51261,285,105,2026-06-15,2,558.26,1116.52,paid,2026-06-15T16:20:00
51262,175,105,2026-06-16,1,597.29,597.29,paid,2026-06-16T20:30:00
51263,353,102,2026-06-16,1,698.36,698.36,paid,2026-06-16T10:43:00
51264,255,104,2026-06-16,3,984.67,2954.01,paid,2026-06-16T08:57:00
51265,69,103,2026-06-16,3,1487.29,4461.87,paid,2026-06-16T08:08:00
51266,28,105,2026-06-16,1,551.38,551.38,paid,2026-06-16T15:45:00
51267,45,105,2026-06-16,3,515.04,1545.12,paid,2026-06-16T12:53:00
51268,311,101,2026-06-16,1,1100.14,1100.14,paid,2026-06-16T20:27:00
51269,191,101,2026-06-16,1,1177.67,1177.67,paid,2026-06-16T17:44:00
51270,44,102,2026-06-16,3,858.07,2574.21,paid,2026-06-16T19:00:00
51271,116,104,2026-06-16,1,1129.19,1129.19,paid,2026-06-16T17:02:00
51272,16,102,2026-06-16,1,762.89,762.89,paid,2026-06-16T12:10:00
51273,156,105,2026-06-16,1,580.14,580.14,paid,2026-06-16T21:06:00
51274,72,103,2026-06-16,4,1476.93,5907.72,paid,2026-06-16T13:18:00
51275,180,101,2026-06-16,4,1214.59,4858.36,paid,2026-06-16T14:03:00
51276,235,105,2026-06-16,1,625.08,625.08,paid,2026-06-16T11:41:00
51277,11,105,2026-06-16,1,583.05,583.05,paid,2026-06-16T10:51:00
51278,386,104,2026-06-16,2,998.62,1997.24,paid,2026-06-16T10:29:00
51279,76,102,2026-06-16,1,764.03,764.03,paid,2026-06-16T12:46:00
51280,156,105,2026-06-16,2,634.39,1268.78,paid,2026-06-16T19:07:00
51281,381,104,2026-06-16,1,1077.5,1077.5,paid,2026-06-16T21:59:00
51282,330,103,2026-06-16,2,1318.03,2636.06,paid,2026-06-16T18:01:00
51283,9,104,2026-06-16,1,1160.1,1160.1,paid,2026-06-16T13:01:00
51284,367,102,2026-06-16,2,724.51,1449.02,paid,2026-06-16T21:36:00
51285,314,101,2026-06-16,1,1258.7,1258.7,paid,2026-06-16T19:55:00
51286,264,105,2026-06-16,1,629.41,629.41,paid,2026-06-16T16:26:00
51287,299,105,2026-06-16,2,540.13,1080.26,paid,2026-06-16T08:25:00
51288,81,103,2026-06-17,1,1322.05,1322.05,paid,2026-06-17T08:40:00
51289,55,104,2026-06-17,1,1106.77,1106.77,paid,2026-06-17T10:49:00
51290,188,102,2026-06-17,1,850.25,850.25,paid,2026-06-17T09:40:00
51291,331,102,2026-06-17,4,743.96,2975.84,refunded,2026-06-17T19:59:00
51292,56,104,2026-06-17,2,1141.15,2282.3,paid,2026-06-17T15:07:00
51293,346,101,2026-06-17,1,1220.76,1220.76,paid,2026-06-17T10:21:00
51294,97,104,2026-06-17,1,1114.24,1114.24,paid,2026-06-17T15:10:00
51295,76,103,2026-06-17,1,1451.37,1451.37,paid,2026-06-17T08:27:00
51296,246,102,2026-06-17,2,736.47,1472.94,paid,2026-06-17T08:24:00
51297,314,105,2026-06-17,1,515.59,515.59,paid,2026-06-17T08:57:00
51298,13,101,2026-06-17,1,1006.58,1006.58,paid,2026-06-17T14:42:00
51299,2,103,2026-06-17,2,1379.65,2759.3,paid,2026-06-17T21:11:00
51300,103,103,2026-06-17,1,1352.36,1352.36,paid,2026-06-17T11:10:00
51301,223,101,2026-06-17,1,1198.21,1198.21,paid,2026-06-17T13:03:00
51302,186,101,2026-06-17,1,1103.28,1103.28,paid,2026-06-17T22:09:00
51303,242,105,2026-06-17,4,562.07,2248.28,paid,2026-06-17T10:51:00
51304,248,104,2026-06-17,2,1002.21,2004.42,paid,2026-06-17T22:17:00
51305,238,105,2026-06-17,1,531.87,531.87,paid,2026-06-17T20:17:00
51306,303,101,2026-06-17,2,1159.97,2319.94,paid,2026-06-17T10:11:00
51307,108,103,2026-06-17,1,1250.3,1250.3,paid,2026-06-17T08:33:00
51308,84,105,2026-06-17,1,526.87,526.87,paid,2026-06-17T13:23:00
51309,373,103,2026-06-17,1,1212.95,1212.95,paid,2026-06-17T22:57:00
51310,6,103,2026-06-17,2,1412.1,2824.2,paid,2026-06-17T10:47:00
51311,24,101,2026-06-17,1,996.97,996.97,paid,2026-06-17T09:31:00
51312,1,105,2026-06-17,3,617.81,1853.43,paid,2026-06-17T19:10:00
51313,399,101,2026-06-17,2,1248.27,2496.54,paid,2026-06-17T09:34:00
51314,98,101,2026-06-17,1,1117.86,1117.86,refunded,2026-06-17T16:29:00
51315,332,103,2026-06-17,1,1353.53,1353.53,paid,2026-06-17T12:17:00
51316,215,104,2026-06-17,1,1117.75,1117.75,paid,2026-06-17T21:03:00
51317,341,103,2026-06-17,3,1241.51,3724.53,paid,2026-06-17T13:19:00
51318,277,104,2026-06-17,1,1099.45,1099.45,paid,2026-06-17T11:01:00
51319,342,105,2026-06-17,2,592.25,1184.5,paid,2026-06-17T17:16:00
51320,105,104,2026-06-17,1,982.33,982.33,paid,2026-06-17T20:09:00
51321,380,105,2026-06-17,1,555.99,555.99,paid,2026-06-17T19:27:00
51322,124,101,2026-06-17,1,1068.89,1068.89,paid,2026-06-17T22:19:00
51323,84,104,2026-06-17,4,1118.57,4474.28,paid,2026-06-17T18:39:00
51324,280,104,2026-06-17,1,1130.54,1130.54,paid,2026-06-17T09:10:00
51325,289,103,2026-06-17,1,1308.01,1308.01,refunded,2026-06-17T15:47:00
51326,107,102,2026-06-18,3,841.54,2524.62,paid,2026-06-18T12:19:00
51327,36,101,2026-06-18,2,992.28,1984.56,paid,2026-06-18T19:02:00
51328,233,102,2026-06-18,1,747.05,747.05,refunded,2026-06-18T09:48:00
51329,176,101,2026-06-18,1,984.18,984.18,paid,2026-06-18T10:37:00
51330,35,104,2026-06-18,1,986.17,986.17,paid,2026-06-18T21:23:00
51331,201,101,2026-06-18,1,1262.27,1262.27,paid,2026-06-18T20:07:00
51332,142,104,2026-06-18,3,997.27,2991.81,paid,2026-06-18T08:24:00
51333,337,102,2026-06-18,1,720.33,720.33,paid,2026-06-18T15:04:00
51334,256,104,2026-06-18,1,1089.72,1089.72,paid,2026-06-18T20:03:00
51335,281,104,2026-06-18,1,1050.82,1050.82,paid,2026-06-18T19:42:00
51336,142,103,2026-06-18,1,1511.89,1511.89,paid,2026-06-18T19:26:00
51337,280,101,2026-06-18,1,1145.21,1145.21,paid,2026-06-18T13:55:00
51338,234,103,2026-06-18,3,1519.13,4557.39,paid,2026-06-18T15:30:00
51339,101,102,2026-06-18,1,885.95,885.95,refunded,2026-06-18T17:29:00
51340,14,104,2026-06-18,2,1049.75,2099.5,paid,2026-06-18T09:23:00
51341,85,104,2026-06-18,1,965.41,965.41,paid,2026-06-18T19:08:00
51342,356,105,2026-06-18,3,593.67,1781.01,paid,2026-06-18T11:40:00
51343,191,101,2026-06-18,1,1047.79,1047.79,paid,2026-06-18T20:41:00
51344,373,102,2026-06-18,1,873.64,873.64,paid,2026-06-18T11:30:00
51345,24,104,2026-06-18,1,1115.27,1115.27,paid,2026-06-18T11:12:00
51346,35,101,2026-06-18,1,1159.32,1159.32,paid,2026-06-18T22:12:00
51347,170,103,2026-06-18,5,1461.62,7308.1,paid,2026-06-18T16:45:00
51348,41,104,2026-06-18,4,1115.78,4463.12,paid,2026-06-18T10:14:00
51349,138,103,2026-06-18,5,1493.85,7469.25,paid,2026-06-18T13:41:00
51350,177,104,2026-06-18,2,922.11,1844.22,paid,2026-06-18T17:49:00
51351,196,105,2026-06-18,2,615.6,1231.2,paid,2026-06-18T21:18:00
51352,327,105,2026-06-19,1,497.46,497.46,paid,2026-06-19T08:04:00
51353,25,103,2026-06-19,2,1319.53,2639.06,paid,2026-06-19T13:41:00
51354,234,104,2026-06-19,1,1071.41,1071.41,paid,2026-06-19T08:22:00
51355,286,103,2026-06-19,1,1224.82,1224.82,paid,2026-06-19T16:17:00
51356,238,103,2026-06-19,1,1197.09,1197.09,paid,2026-06-19T20:16:00
51357,313,105,2026-06-19,1,609.71,609.71,paid,2026-06-19T13:55:00
51358,253,105,2026-06-19,1,587.26,587.26,paid,2026-06-19T14:31:00
51359,397,101,2026-06-19,1,1188.46,1188.46,paid,2026-06-19T21:11:00
51360,242,101,2026-06-19,1,1120.38,1120.38,paid,2026-06-19T10:23:00
51361,334,104,2026-06-19,1,956.57,956.57,paid,2026-06-19T18:37:00
51362,292,103,2026-06-19,1,1325.65,1325.65,paid,2026-06-19T17:52:00
51363,344,101,2026-06-19,1,1056.19,1056.19,paid,2026-06-19T19:54:00
51364,38,103,2026-06-19,1,1531.18,1531.18,paid,2026-06-19T16:01:00
51365,325,102,2026-06-19,1,741.98,741.98,paid,2026-06-19T15:21:00
51366,369,105,2026-06-19,4,576.57,2306.28,paid,2026-06-19T19:23:00
51367,270,102,2026-06-19,1,895.18,895.18,paid,2026-06-19T16:57:00
51368,247,104,2026-06-19,5,1114.32,5571.6,refunded,2026-06-19T10:45:00
51369,96,102,2026-06-19,1,896.34,896.34,paid,2026-06-19T20:50:00
51370,228,101,2026-06-19,2,1085.12,2170.24,paid,2026-06-19T18:50:00
51371,395,105,2026-06-19,1,616.21,616.21,paid,2026-06-19T21:34:00
51372,53,101,2026-06-19,5,1153.7,5768.5,paid,2026-06-19T08:52:00
51373,183,103,2026-06-19,1,1360.28,1360.28,paid,2026-06-19T13:15:00
51374,280,105,2026-06-19,1,544.82,544.82,paid,2026-06-19T08:54:00
51375,163,103,2026-06-19,2,1300.65,2601.3,paid,2026-06-19T22:29:00
51376,337,105,2026-06-19,1,622.59,622.59,paid,2026-06-19T20:23:00
51377,349,102,2026-06-19,2,739.45,1478.9,paid,2026-06-19T12:01:00
51378,259,101,2026-06-19,1,1251.36,1251.36,paid,2026-06-19T16:57:00
51379,183,105,2026-06-19,1,510.58,510.58,paid,2026-06-19T19:06:00
51380,23,102,2026-06-19,3,808.1,2424.3,paid,2026-06-19T19:21:00
51381,218,105,2026-06-19,4,501.92,2007.68,paid,2026-06-19T20:52:00
51382,24,103,2026-06-19,1,1472.7,1472.7,paid,2026-06-19T11:46:00
51383,220,103,2026-06-19,1,1295.05,1295.05,paid,2026-06-19T22:28:00
51384,185,104,2026-06-19,1,922.64,922.64,paid,2026-06-19T15:13:00
51385,158,102,2026-06-19,1,797.9,797.9,paid,2026-06-19T08:48:00
51386,160,101,2026-06-19,1,1043.21,1043.21,paid,2026-06-19T21:07:00
51387,397,104,2026-06-19,1,978.15,978.15,paid,2026-06-19T21:49:00
51388,126,104,2026-06-19,2,1067.46,2134.92,paid,2026-06-19T12:16:00
51389,202,105,2026-06-19,1,578.74,578.74,paid,2026-06-19T19:27:00
51390,49,102,2026-06-19,1,834.18,834.18,paid,2026-06-19T14:46:00
51391,173,103,2026-06-19,5,1418.13,7090.65,paid,2026-06-19T20:38:00
51392,237,102,2026-06-19,2,888.72,1777.44,paid,2026-06-19T18:23:00
51393,103,102,2026-06-19,5,888.19,4440.95,paid,2026-06-19T21:36:00
51394,281,105,2026-06-20,1,559.89,559.89,paid,2026-06-20T17:07:00
51395,318,102,2026-06-20,1,885.25,885.25,paid,2026-06-20T18:07:00
51396,372,104,2026-06-20,1,942.49,942.49,paid,2026-06-20T13:58:00
51397,111,105,2026-06-20,3,602.53,1807.59,paid,2026-06-20T15:24:00
51398,260,102,2026-06-20,1,886.28,886.28,paid,2026-06-20T18:14:00
51399,364,104,2026-06-20,1,917.7,917.7,paid,2026-06-20T19:49:00
51400,372,103,2026-06-20,1,1344.64,1344.64,paid,2026-06-20T18:02:00
51401,56,103,2026-06-20,2,1245.77,2491.54,paid,2026-06-20T21:07:00
51402,211,101,2026-06-20,2,1260.64,2521.28,refunded,2026-06-20T21:58:00
51403,127,102,2026-06-20,1,875.35,875.35,paid,2026-06-20T16:13:00
51404,103,104,2026-06-20,4,1018.3,4073.2,paid,2026-06-20T15:44:00
51405,203,105,2026-06-20,3,521.33,1563.99,paid,2026-06-20T20:47:00
51406,86,101,2026-06-20,2,1168.46,2336.92,paid,2026-06-20T19:23:00
51407,367,101,2026-06-20,2,1142.6,2285.2,paid,2026-06-20T12:39:00
51408,128,104,2026-06-20,1,974.73,974.73,paid,2026-06-20T16:03:00
51409,247,101,2026-06-20,4,1222.93,4891.72,paid,2026-06-20T16:18:00
51410,134,102,2026-06-20,1,760.95,760.95,paid,2026-06-20T12:29:00
51411,46,102,2026-06-20,2,744.15,1488.3,paid,2026-06-20T13:44:00
51412,204,101,2026-06-20,3,1039.64,3118.92,paid,2026-06-20T18:45:00
51413,23,102,2026-06-20,2,892.04,1784.08,paid,2026-06-20T15:24:00
51414,46,102,2026-06-20,1,794.27,794.27,paid,2026-06-20T18:49:00
51415,294,104,2026-06-20,1,1134.51,1134.51,paid,2026-06-20T21:56:00
51416,100,104,2026-06-20,1,974.0,974.0,paid,2026-06-20T18:08:00
51417,165,102,2026-06-20,2,876.7,1753.4,paid,2026-06-20T13:11:00
51418,373,105,2026-06-20,1,512.52,512.52,paid,2026-06-20T09:18:00
51419,355,105,2026-06-20,4,500.85,2003.4,paid,2026-06-20T08:56:00
51420,66,101,2026-06-20,1,1057.83,1057.83,paid,2026-06-20T15:43:00
51421,100,104,2026-06-20,3,997.05,2991.15,paid,2026-06-20T08:53:00
51422,73,101,2026-06-20,1,1271.58,1271.58,paid,2026-06-20T17:54:00
51423,223,105,2026-06-20,1,533.54,533.54,paid,2026-06-20T11:05:00
51424,158,101,2026-06-20,2,999.48,1998.96,paid,2026-06-20T09:39:00
51425,56,105,2026-06-20,1,574.32,574.32,paid,2026-06-20T11:18:00
51426,142,103,2026-06-20,4,1380.09,5520.36,paid,2026-06-20T08:52:00
51427,266,102,2026-06-20,1,897.05,897.05,paid,2026-06-20T13:46:00
51428,105,105,2026-06-20,1,494.43,494.43,paid,2026-06-20T16:29:00
51429,158,103,2026-06-20,3,1257.2,3771.6,paid,2026-06-20T08:29:00
51430,19,102,2026-06-20,1,864.05,864.05,paid,2026-06-20T09:17:00
51431,112,101,2026-06-20,1,1163.82,1163.82,paid,2026-06-20T10:45:00
51432,21,101,2026-06-20,1,991.3,991.3,paid,2026-06-20T17:35:00
51433,162,101,2026-06-20,1,1182.43,1182.43,paid,2026-06-20T13:06:00
51434,42,102,2026-06-20,3,831.66,2494.98,paid,2026-06-20T09:44:00
51435,15,103,2026-06-20,1,1309.37,1309.37,paid,2026-06-20T19:49:00
51436,99,105,2026-06-21,1,621.75,621.75,paid,2026-06-21T09:37:00
51437,38,102,2026-06-21,1,777.51,777.51,paid,2026-06-21T16:25:00
51438,11,104,2026-06-21,1,985.46,985.46,paid,2026-06-21T17:54:00
51439,283,102,2026-06-21,2,841.35,1682.7,paid,2026-06-21T10:35:00
51440,34,103,2026-06-21,1,1190.77,1190.77,paid,2026-06-21T20:13:00
51441,172,102,2026-06-21,1,821.38,821.38,paid,2026-06-21T16:05:00
51442,373,101,2026-06-21,2,1030.69,2061.38,paid,2026-06-21T16:12:00
51443,130,105,2026-06-21,4,570.45,2281.8,refunded,2026-06-21T09:39:00
51444,119,104,2026-06-21,1,1050.44,1050.44,paid,2026-06-21T20:36:00
51445,312,104,2026-06-21,1,1101.37,1101.37,paid,2026-06-21T18:13:00
51446,237,105,2026-06-21,1,577.67,577.67,paid,2026-06-21T15:41:00
51447,345,105,2026-06-21,4,509.78,2039.12,paid,2026-06-21T08:55:00
51448,170,105,2026-06-21,2,538.16,1076.32,paid,2026-06-21T19:52:00
51449,43,103,2026-06-21,1,1446.47,1446.47,paid,2026-06-21T18:54:00
51450,301,101,2026-06-21,5,993.83,4969.15,refunded,2026-06-21T10:45:00
51451,103,105,2026-06-21,1,556.92,556.92,refunded,2026-06-21T15:53:00
51452,279,101,2026-06-21,4,1222.69,4890.76,paid,2026-06-21T10:41:00
51453,85,101,2026-06-21,1,1193.72,1193.72,refunded,2026-06-21T13:13:00
51454,263,102,2026-06-21,2,798.1,1596.2,paid,2026-06-21T14:41:00
51455,142,105,2026-06-21,1,635.04,635.04,paid,2026-06-21T08:30:00
51456,192,105,2026-06-21,3,579.51,1738.53,paid,2026-06-21T16:05:00
51457,314,103,2026-06-21,1,1524.81,1524.81,paid,2026-06-21T14:43:00
51458,101,103,2026-06-21,3,1410.19,4230.57,paid,2026-06-21T20:41:00
51459,109,101,2026-06-21,1,1022.55,1022.55,paid,2026-06-21T10:00:00
51460,299,102,2026-06-22,1,875.69,875.69,paid,2026-06-22T20:26:00
51461,14,103,2026-06-22,1,1207.14,1207.14,paid,2026-06-22T08:11:00
51462,323,101,2026-06-22,2,1223.82,2447.64,paid,2026-06-22T17:19:00
51463,339,102,2026-06-22,1,813.93,813.93,paid,2026-06-22T12:27:00
51464,378,102,2026-06-22,1,746.8,746.8,paid,2026-06-22T11:22:00
51465,247,101,2026-06-22,1,986.89,986.89,paid,2026-06-22T08:30:00
51466,236,104,2026-06-22,2,1003.57,2007.14,paid,2026-06-22T12:38:00
51467,392,101,2026-06-22,1,1022.95,1022.95,paid,2026-06-22T17:37:00
51468,254,104,2026-06-22,2,1065.01,2130.02,paid,2026-06-22T14:06:00
51469,251,103,2026-06-22,5,1342.75,6713.75,paid,2026-06-22T09:29:00
51470,98,102,2026-06-22,1,853.78,853.78,paid,2026-06-22T13:55:00
51471,322,102,2026-06-22,1,740.02,740.02,paid,2026-06-22T10:47:00
51472,47,102,2026-06-22,2,821.14,1642.28,paid,2026-06-22T11:03:00
51473,399,105,2026-06-22,1,558.59,558.59,paid,2026-06-22T18:09:00
51474,142,103,2026-06-22,1,1229.42,1229.42,paid,2026-06-22T22:56:00
51475,16,103,2026-06-22,1,1418.88,1418.88,paid,2026-06-22T17:53:00
51476,134,104,2026-06-22,2,1031.3,2062.6,refunded,2026-06-22T16:55:00
51477,190,101,2026-06-22,3,1040.48,3121.44,paid,2026-06-22T12:29:00
51478,177,105,2026-06-22,1,542.39,542.39,paid,2026-06-22T16:55:00
51479,303,104,2026-06-22,2,1092.94,2185.88,paid,2026-06-22T09:11:00
51480,106,101,2026-06-22,1,1105.27,1105.27,paid,2026-06-22T22:54:00
51481,294,101,2026-06-22,1,1222.91,1222.91,paid,2026-06-22T08:18:00
51482,252,101,2026-06-22,3,1182.02,3546.06,paid,2026-06-22T15:08:00
51483,73,104,2026-06-22,1,961.91,961.91,paid,2026-06-22T10:10:00
51484,367,104,2026-06-22,1,1140.89,1140.89,paid,2026-06-22T19:39:00
51485,289,105,2026-06-22,1,520.64,520.64,paid,2026-06-22T18:38:00
51486,47,104,2026-06-22,1,1106.0,1106.0,paid,2026-06-22T22:49:00
51487,123,102,2026-06-22,1,713.85,713.85,paid,2026-06-22T15:23:00
51488,349,101,2026-06-22,1,1205.57,1205.57,paid,2026-06-22T22:06:00
51489,13,105,2026-06-22,3,523.85,1571.55,paid,2026-06-22T20:49:00
51490,146,103,2026-06-22,1,1479.06,1479.06,paid,2026-06-22T14:57:00
51491,124,103,2026-06-23,1,1482.51,1482.51,paid,2026-06-23T19:48:00
51492,169,102,2026-06-23,1,873.33,873.33,paid,2026-06-23T19:40:00
51493,319,102,2026-06-23,2,764.32,1528.64,paid,2026-06-23T12:30:00
51494,128,104,2026-06-23,1,1161.63,1161.63,paid,2026-06-23T10:31:00
51495,82,102,2026-06-23,3,740.26,2220.78,paid,2026-06-23T08:19:00
51496,15,105,2026-06-23,1,513.13,513.13,paid,2026-06-23T10:49:00
51497,217,104,2026-06-23,1,972.23,972.23,paid,2026-06-23T10:20:00
51498,255,104,2026-06-23,2,1026.42,2052.84,paid,2026-06-23T22:34:00
51499,284,105,2026-06-23,2,614.72,1229.44,paid,2026-06-23T14:41:00
51500,149,104,2026-06-23,1,1030.88,1030.88,paid,2026-06-23T15:02:00
51501,30,102,2026-06-23,1,732.54,732.54,paid,2026-06-23T14:34:00
51502,251,102,2026-06-23,1,775.21,775.21,paid,2026-06-23T18:42:00
51503,239,102,2026-06-23,3,737.09,2211.27,paid,2026-06-23T09:45:00
51504,187,105,2026-06-23,3,594.52,1783.56,refunded,2026-06-23T19:04:00
51505,396,104,2026-06-23,2,1086.91,2173.82,paid,2026-06-23T14:36:00
51506,191,102,2026-06-23,1,707.37,707.37,paid,2026-06-23T17:07:00
51507,77,103,2026-06-23,3,1360.2,4080.6,paid,2026-06-23T21:14:00
51508,15,105,2026-06-23,1,562.04,562.04,refunded,2026-06-23T09:42:00
51509,239,103,2026-06-23,2,1432.18,2864.36,paid,2026-06-23T22:41:00
51510,118,102,2026-06-23,1,833.06,833.06,paid,2026-06-23T18:52:00
51511,123,103,2026-06-23,3,1508.07,4524.21,paid,2026-06-23T13:15:00
51512,204,105,2026-06-23,1,613.56,613.56,paid,2026-06-23T08:54:00
51513,252,101,2026-06-23,4,1210.21,4840.84,paid,2026-06-23T17:42:00
51514,228,105,2026-06-23,1,500.92,500.92,paid,2026-06-23T12:51:00
51515,188,105,2026-06-23,2,607.75,1215.5,paid,2026-06-23T12:13:00
51516,256,105,2026-06-23,1,568.36,568.36,paid,2026-06-23T18:59:00
51517,148,101,2026-06-23,2,1002.94,2005.88,paid,2026-06-23T13:43:00
51518,335,104,2026-06-23,1,970.68,970.68,paid,2026-06-23T18:06:00
51519,53,104,2026-06-23,4,905.05,3620.2,paid,2026-06-23T09:21:00
51520,365,105,2026-06-23,2,532.2,1064.4,refunded,2026-06-23T09:04:00
51521,74,102,2026-06-23,1,774.41,774.41,paid,2026-06-23T19:27:00
51522,160,103,2026-06-23,1,1284.6,1284.6,paid,2026-06-23T22:29:00
51523,329,105,2026-06-23,2,623.46,1246.92,paid,2026-06-23T20:47:00
51524,382,101,2026-06-23,1,1204.84,1204.84,paid,2026-06-23T17:35:00
51525,201,103,2026-06-23,1,1383.14,1383.14,refunded,2026-06-23T21:57:00
51526,145,105,2026-06-23,1,575.52,575.52,paid,2026-06-23T17:09:00
51527,237,102,2026-06-23,2,858.31,1716.62,paid,2026-06-23T14:15:00
51528,219,103,2026-06-23,1,1362.78,1362.78,paid,2026-06-23T21:37:00
51529,141,105,2026-06-23,1,598.45,598.45,paid,2026-06-23T17:40:00
51530,202,104,2026-06-24,1,1103.42,1103.42,paid,2026-06-24T22:03:00
51531,328,105,2026-06-24,1,546.71,546.71,paid,2026-06-24T18:56:00
51532,386,104,2026-06-24,2,994.24,1988.48,paid,2026-06-24T11:04:00
51533,263,104,2026-06-24,2,1156.29,2312.58,paid,2026-06-24T20:38:00
51534,233,102,2026-06-24,2,854.38,1708.76,paid,2026-06-24T09:11:00
51535,156,104,2026-06-24,1,1148.75,1148.75,paid,2026-06-24T16:41:00
51536,263,103,2026-06-24,1,1399.67,1399.67,paid,2026-06-24T21:06:00
51537,242,105,2026-06-24,2,531.66,1063.32,paid,2026-06-24T19:51:00
51538,40,104,2026-06-24,2,985.62,1971.24,paid,2026-06-24T21:11:00
51539,108,104,2026-06-24,2,1034.29,2068.58,paid,2026-06-24T20:37:00
51540,9,105,2026-06-24,1,550.43,550.43,paid,2026-06-24T12:21:00
51541,5,103,2026-06-24,1,1341.42,1341.42,paid,2026-06-24T18:29:00
51542,285,105,2026-06-24,1,518.05,518.05,paid,2026-06-24T19:27:00
51543,335,101,2026-06-24,3,1026.46,3079.38,paid,2026-06-24T21:59:00
51544,113,104,2026-06-24,3,1094.05,3282.15,paid,2026-06-24T09:49:00
51545,76,103,2026-06-24,2,1266.05,2532.1,paid,2026-06-24T18:15:00
51546,159,102,2026-06-24,1,879.74,879.74,paid,2026-06-24T22:20:00
51547,88,105,2026-06-24,1,632.94,632.94,paid,2026-06-24T17:57:00
51548,78,103,2026-06-24,4,1380.3,5521.2,paid,2026-06-24T19:23:00
51549,127,104,2026-06-24,1,1075.47,1075.47,paid,2026-06-24T11:36:00
51550,170,105,2026-06-24,3,575.79,1727.37,paid,2026-06-24T13:02:00
51551,183,102,2026-06-24,2,796.35,1592.7,paid,2026-06-24T18:33:00
51552,292,105,2026-06-24,3,596.42,1789.26,paid,2026-06-24T14:02:00
51553,239,101,2026-06-24,1,1037.07,1037.07,refunded,2026-06-24T13:21:00
51554,170,103,2026-06-24,1,1279.48,1279.48,paid,2026-06-24T18:14:00
51555,72,102,2026-06-24,2,808.85,1617.7,paid,2026-06-24T12:47:00
51556,63,104,2026-06-24,3,1010.14,3030.42,paid,2026-06-24T19:33:00
51557,256,102,2026-06-24,2,839.81,1679.62,paid,2026-06-24T11:34:00
51558,121,104,2026-06-24,2,1160.59,2321.18,paid,2026-06-24T20:07:00
51559,93,105,2026-06-24,1,604.17,604.17,paid,2026-06-24T22:37:00
51560,193,104,2026-06-24,1,1130.66,1130.66,paid,2026-06-24T22:56:00
51561,190,101,2026-06-24,3,1071.47,3214.41,paid,2026-06-24T14:32:00
51562,100,102,2026-06-24,1,764.85,764.85,paid,2026-06-24T18:23:00
51563,264,105,2026-06-24,1,617.67,617.67,paid,2026-06-24T09:36:00
51564,10,101,2026-06-24,1,1012.19,1012.19,paid,2026-06-24T20:17:00
51565,378,101,2026-06-24,2,1175.39,2350.78,paid,2026-06-24T08:28:00
51566,229,104,2026-06-24,2,1053.27,2106.54,paid,2026-06-24T21:56:00
51567,388,105,2026-06-24,2,514.52,1029.04,paid,2026-06-24T11:18:00
51568,103,103,2026-06-24,3,1293.63,3880.89,paid,2026-06-24T14:17:00
51569,271,103,2026-06-24,2,1191.12,2382.24,paid,2026-06-24T12:20:00
51570,289,102,2026-06-24,2,821.84,1643.68,refunded,2026-06-24T19:38:00
51571,163,103,2026-06-25,3,1229.53,3688.59,paid,2026-06-25T21:58:00
51572,209,105,2026-06-25,2,558.77,1117.54,refunded,2026-06-25T16:44:00
51573,254,105,2026-06-25,1,591.75,591.75,paid,2026-06-25T10:07:00
51574,9,102,2026-06-25,1,896.8,896.8,paid,2026-06-25T11:15:00
51575,229,104,2026-06-25,1,1112.1,1112.1,refunded,2026-06-25T10:50:00
51576,27,101,2026-06-25,1,1048.05,1048.05,paid,2026-06-25T20:12:00
51577,296,105,2026-06-25,1,520.63,520.63,paid,2026-06-25T10:00:00
51578,387,105,2026-06-25,2,634.7,1269.4,paid,2026-06-25T08:35:00
51579,341,104,2026-06-25,3,950.14,2850.42,paid,2026-06-25T15:21:00
51580,299,101,2026-06-25,1,1240.07,1240.07,paid,2026-06-25T08:18:00
51581,347,105,2026-06-25,1,568.12,568.12,paid,2026-06-25T21:37:00
51582,223,105,2026-06-25,2,494.42,988.84,paid,2026-06-25T21:58:00
51583,290,103,2026-06-25,2,1466.66,2933.32,paid,2026-06-25T14:59:00
51584,124,103,2026-06-25,3,1508.98,4526.94,paid,2026-06-25T08:30:00
51585,192,103,2026-06-25,1,1210.28,1210.28,paid,2026-06-25T12:37:00
51586,236,102,2026-06-25,1,863.9,863.9,paid,2026-06-25T10:12:00
51587,353,105,2026-06-25,2,493.27,986.54,paid,2026-06-25T14:46:00
51588,101,105,2026-06-25,5,618.96,3094.8,refunded,2026-06-25T18:58:00
51589,12,105,2026-06-25,1,543.27,543.27,paid,2026-06-25T13:30:00
51590,228,104,2026-06-25,2,1116.7,2233.4,refunded,2026-06-25T10:36:00
51591,374,101,2026-06-25,1,1062.82,1062.82,paid,2026-06-25T19:16:00
51592,85,103,2026-06-25,1,1385.52,1385.52,paid,2026-06-25T15:43:00
51593,138,105,2026-06-25,1,523.75,523.75,paid,2026-06-25T20:20:00
51594,190,101,2026-06-25,1,1028.43,1028.43,refunded,2026-06-25T21:57:00
51595,113,102,2026-06-26,2,787.94,1575.88,paid,2026-06-26T21:23:00
51596,374,104,2026-06-26,1,1080.85,1080.85,paid,2026-06-26T09:45:00
51597,97,101,2026-06-26,4,1158.79,4635.16,paid,2026-06-26T20:01:00
51598,319,101,2026-06-26,2,1139.92,2279.84,paid,2026-06-26T11:54:00
51599,165,101,2026-06-26,3,1162.45,3487.35,paid,2026-06-26T11:55:00
51600,264,104,2026-06-26,1,1086.05,1086.05,refunded,2026-06-26T20:40:00
51601,160,103,2026-06-26,1,1352.81,1352.81,paid,2026-06-26T22:58:00
51602,365,101,2026-06-26,1,988.0,988.0,paid,2026-06-26T14:44:00
51603,295,102,2026-06-26,2,761.55,1523.1,paid,2026-06-26T15:57:00
51604,83,104,2026-06-26,1,1123.52,1123.52,paid,2026-06-26T17:46:00
51605,72,104,2026-06-26,2,978.99,1957.98,paid,2026-06-26T15:38:00
51606,370,105,2026-06-26,1,539.73,539.73,paid,2026-06-26T19:57:00
51607,385,101,2026-06-26,1,1115.62,1115.62,paid,2026-06-26T17:37:00
51608,296,103,2026-06-26,1,1372.52,1372.52,paid,2026-06-26T15:24:00
51609,21,105,2026-06-26,1,593.73,593.73,paid,2026-06-26T21:49:00
51610,321,105,2026-06-26,2,623.32,1246.64,paid,2026-06-26T14:27:00
51611,143,103,2026-06-26,2,1389.04,2778.08,paid,2026-06-26T17:18:00
51612,333,102,2026-06-26,1,704.02,704.02,paid,2026-06-26T14:19:00
51613,207,101,2026-06-26,1,1165.72,1165.72,paid,2026-06-26T14:40:00
51614,76,103,2026-06-26,1,1422.97,1422.97,paid,2026-06-26T14:26:00
51615,91,105,2026-06-26,3,531.22,1593.66,paid,2026-06-26T18:07:00
51616,148,104,2026-06-26,1,1163.5,1163.5,paid,2026-06-26T17:03:00
51617,370,104,2026-06-26,1,1108.94,1108.94,paid,2026-06-26T08:41:00
51618,29,103,2026-06-26,2,1443.99,2887.98,paid,2026-06-26T22:09:00
51619,98,102,2026-06-26,2,763.42,1526.84,paid,2026-06-26T20:50:00
51620,56,101,2026-06-26,1,1175.23,1175.23,paid,2026-06-26T18:00:00
51621,312,101,2026-06-26,1,1163.18,1163.18,paid,2026-06-26T17:10:00
51622,19,103,2026-06-26,1,1290.39,1290.39,paid,2026-06-26T20:35:00
51623,114,102,2026-06-26,4,854.61,3418.44,paid,2026-06-26T14:18:00
51624,13,101,2026-06-26,1,1140.39,1140.39,paid,2026-06-26T10:16:00
51625,193,104,2026-06-26,1,992.4,992.4,paid,2026-06-26T20:01:00
51626,21,105,2026-06-26,2,634.25,1268.5,paid,2026-06-26T14:09:00
51627,31,105,2026-06-26,1,576.84,576.84,paid,2026-06-26T18:28:00
51628,61,103,2026-06-26,1,1426.99,1426.99,paid,2026-06-26T16:49:00
51629,70,102,2026-06-27,1,748.4,748.4,paid,2026-06-27T18:02:00
51630,115,101,2026-06-27,1,1118.59,1118.59,paid,2026-06-27T10:21:00
51631,37,105,2026-06-27,1,572.91,572.91,paid,2026-06-27T08:50:00
51632,382,101,2026-06-27,1,1159.27,1159.27,refunded,2026-06-27T21:56:00
51633,67,105,2026-06-27,1,561.44,561.44,paid,2026-06-27T13:46:00
51634,91,105,2026-06-27,1,634.14,634.14,refunded,2026-06-27T12:18:00
51635,120,101,2026-06-27,2,1264.94,2529.88,paid,2026-06-27T20:22:00
51636,92,101,2026-06-27,3,1068.33,3204.99,paid,2026-06-27T13:32:00
51637,381,105,2026-06-27,1,621.71,621.71,refunded,2026-06-27T08:28:00
51638,390,102,2026-06-27,2,795.02,1590.04,paid,2026-06-27T14:46:00
51639,225,101,2026-06-27,1,1257.41,1257.41,paid,2026-06-27T14:31:00
51640,153,105,2026-06-27,2,565.88,1131.76,paid,2026-06-27T22:29:00
51641,74,105,2026-06-27,1,505.43,505.43,paid,2026-06-27T15:05:00
51642,259,105,2026-06-27,2,530.94,1061.88,paid,2026-06-27T20:16:00
51643,154,101,2026-06-27,1,1011.54,1011.54,paid,2026-06-27T14:02:00
51644,277,102,2026-06-27,3,859.99,2579.97,paid,2026-06-27T14:25:00
51645,304,104,2026-06-27,1,961.08,961.08,paid,2026-06-27T15:50:00
51646,270,103,2026-06-27,1,1463.87,1463.87,paid,2026-06-27T12:26:00
51647,13,104,2026-06-27,1,1158.62,1158.62,paid,2026-06-27T16:28:00
51648,202,103,2026-06-27,3,1497.78,4493.34,paid,2026-06-27T13:16:00
51649,288,103,2026-06-27,2,1420.21,2840.42,paid,2026-06-27T16:24:00
51650,303,101,2026-06-27,1,1234.72,1234.72,paid,2026-06-27T09:44:00
51651,191,103,2026-06-27,1,1395.13,1395.13,paid,2026-06-27T13:37:00
51652,29,103,2026-06-27,2,1466.2,2932.4,paid,2026-06-27T11:22:00
51653,225,104,2026-06-27,1,1001.95,1001.95,paid,2026-06-27T17:37:00
51654,49,101,2026-06-27,1,1126.89,1126.89,paid,2026-06-27T22:51:00
51655,143,102,2026-06-27,1,776.6,776.6,paid,2026-06-27T22:22:00
51656,301,103,2026-06-27,1,1221.62,1221.62,refunded,2026-06-27T22:29:00
51657,241,103,2026-06-27,3,1519.54,4558.62,paid,2026-06-27T19:12:00
51658,195,101,2026-06-27,1,1003.97,1003.97,paid,2026-06-27T11:27:00
51659,390,104,2026-06-27,5,1004.68,5023.4,paid,2026-06-27T10:36:00
51660,386,103,2026-06-27,1,1210.38,1210.38,paid,2026-06-27T22:03:00
51661,348,101,2026-06-27,1,1229.39,1229.39,paid,2026-06-27T16:40:00
51662,184,105,2026-06-27,1,528.77,528.77,paid,2026-06-27T15:56:00
51663,337,105,2026-06-27,1,497.46,497.46,paid,2026-06-27T20:48:00
51664,129,104,2026-06-27,1,1108.23,1108.23,paid,2026-06-27T20:58:00
51665,131,104,2026-06-27,2,992.0,1984.0,paid,2026-06-27T09:04:00
51666,333,102,2026-06-27,1,785.39,785.39,paid,2026-06-27T21:26:00
51667,162,101,2026-06-27,1,991.58,991.58,paid,2026-06-27T09:54:00
51668,270,101,2026-06-28,1,1249.17,1249.17,paid,2026-06-28T22:15:00
51669,325,104,2026-06-28,1,1090.1,1090.1,paid,2026-06-28T08:45:00
51670,298,105,2026-06-28,2,620.83,1241.66,refunded,2026-06-28T19:36:00
51671,136,103,2026-06-28,1,1215.12,1215.12,paid,2026-06-28T08:01:00
51672,86,101,2026-06-28,2,1269.53,2539.06,paid,2026-06-28T14:42:00
51673,231,104,2026-06-28,1,916.93,916.93,paid,2026-06-28T18:32:00
51674,353,103,2026-06-28,1,1303.97,1303.97,paid,2026-06-28T11:02:00
51675,77,102,2026-06-28,2,837.85,1675.7,paid,2026-06-28T18:40:00
51676,137,105,2026-06-28,2,615.95,1231.9,paid,2026-06-28T11:08:00
51677,158,102,2026-06-28,4,832.69,3330.76,paid,2026-06-28T22:46:00
51678,44,105,2026-06-28,1,597.38,597.38,refunded,2026-06-28T10:57:00
51679,190,103,2026-06-28,2,1348.47,2696.94,paid,2026-06-28T15:42:00
51680,109,105,2026-06-28,1,585.17,585.17,paid,2026-06-28T19:36:00
51681,297,103,2026-06-28,1,1432.15,1432.15,paid,2026-06-28T17:42:00
51682,26,104,2026-06-28,1,962.76,962.76,paid,2026-06-28T14:46:00
51683,367,103,2026-06-28,2,1406.98,2813.96,paid,2026-06-28T10:05:00
51684,159,105,2026-06-28,1,605.63,605.63,paid,2026-06-28T21:49:00
51685,60,102,2026-06-28,1,811.03,811.03,paid,2026-06-28T12:22:00
51686,123,102,2026-06-28,1,854.44,854.44,paid,2026-06-28T12:28:00
51687,362,105,2026-06-28,5,573.12,2865.6,paid,2026-06-28T14:47:00
51688,114,105,2026-06-28,5,630.25,3151.25,paid,2026-06-28T16:03:00
51689,128,102,2026-06-28,1,822.0,822.0,paid,2026-06-28T16:57:00
51690,394,103,2026-06-28,1,1326.56,1326.56,paid,2026-06-28T20:10:00
51691,115,101,2026-06-28,5,1005.03,5025.15,paid,2026-06-28T14:21:00
51692,320,102,2026-06-28,1,720.76,720.76,paid,2026-06-28T21:09:00
51693,103,105,2026-06-28,1,512.38,512.38,paid,2026-06-28T13:02:00
51694,134,104,2026-06-28,2,1162.28,2324.56,paid,2026-06-28T11:03:00
51695,56,101,2026-06-28,1,1025.53,1025.53,paid,2026-06-28T17:59:00
51696,139,103,2026-06-28,1,1490.13,1490.13,paid,2026-06-28T15:48:00
51697,9,105,2026-06-28,3,618.92,1856.76,paid,2026-06-28T22:41:00
51698,4,103,2026-06-28,2,1225.28,2450.56,paid,2026-06-28T12:17:00
51699,18,105,2026-06-28,1,497.67,497.67,paid,2026-06-28T15:46:00
51700,250,104,2026-06-29,1,1093.76,1093.76,paid,2026-06-29T16:16:00
51701,159,103,2026-06-29,1,1247.38,1247.38,paid,2026-06-29T11:30:00
51702,340,101,2026-06-29,2,1074.61,2149.22,paid,2026-06-29T12:43:00
51703,58,102,2026-06-29,2,712.56,1425.12,paid,2026-06-29T13:39:00
51704,64,104,2026-06-29,2,1087.29,2174.58,paid,2026-06-29T14:34:00
51705,69,102,2026-06-29,1,778.8,778.8,paid,2026-06-29T18:37:00
51706,172,102,2026-06-29,3,872.13,2616.39,paid,2026-06-29T21:29:00
51707,49,102,2026-06-29,2,864.55,1729.1,paid,2026-06-29T17:19:00
51708,238,103,2026-06-29,2,1389.8,2779.6,paid,2026-06-29T13:40:00
51709,16,105,2026-06-29,1,520.55,520.55,paid,2026-06-29T11:05:00
51710,232,101,2026-06-29,1,1257.42,1257.42,paid,2026-06-29T15:36:00
51711,364,101,2026-06-29,1,1074.67,1074.67,paid,2026-06-29T22:01:00
51712,105,101,2026-06-29,1,1030.07,1030.07,paid,2026-06-29T13:10:00
51713,400,104,2026-06-29,1,980.74,980.74,paid,2026-06-29T20:15:00
51714,11,102,2026-06-29,2,836.36,1672.72,paid,2026-06-29T16:51:00
51715,130,103,2026-06-29,2,1365.8,2731.6,refunded,2026-06-29T19:56:00
51716,84,101,2026-06-29,4,1131.71,4526.84,paid,2026-06-29T11:00:00
51717,47,105,2026-06-29,3,546.54,1639.62,paid,2026-06-29T12:10:00
51718,265,103,2026-06-29,1,1433.98,1433.98,refunded,2026-06-29T16:26:00
51719,137,101,2026-06-29,1,1191.69,1191.69,paid,2026-06-29T16:37:00
51720,65,102,2026-06-29,2,749.63,1499.26,paid,2026-06-29T09:46:00
51721,128,104,2026-06-29,2,1122.83,2245.66,paid,2026-06-29T12:48:00
51722,292,104,2026-06-29,1,983.37,983.37,paid,2026-06-29T16:14:00
51723,293,103,2026-06-29,3,1276.91,3830.73,paid,2026-06-29T09:53:00
51724,111,102,2026-06-29,2,791.96,1583.92,paid,2026-06-29T14:13:00
51725,57,104,2026-06-29,2,971.83,1943.66,paid,2026-06-29T21:48:00
51726,355,104,2026-06-29,5,942.75,4713.75,refunded,2026-06-29T20:55:00
51727,211,104,2026-06-29,2,1123.77,2247.54,paid,2026-06-29T13:26:00
51728,356,102,2026-06-29,1,857.3,857.3,paid,2026-06-29T22:56:00
51729,368,103,2026-06-29,2,1470.0,2940.0,paid,2026-06-29T14:40:00
51730,163,104,2026-06-29,3,1083.31,3249.93,paid,2026-06-29T15:09:00
51731,324,104,2026-06-29,2,1124.85,2249.7,paid,2026-06-29T16:16:00
51732,391,104,2026-06-29,1,1029.3,1029.3,refunded,2026-06-29T14:51:00
51733,155,103,2026-06-30,1,1278.28,1278.28,paid,2026-06-30T11:15:00
51734,134,104,2026-06-30,2,1139.69,2279.38,paid,2026-06-30T14:42:00
51735,143,103,2026-06-30,1,1215.57,1215.57,paid,2026-06-30T22:59:00
51736,254,105,2026-06-30,1,513.72,513.72,paid,2026-06-30T11:35:00
51737,399,105,2026-06-30,2,635.52,1271.04,paid,2026-06-30T08:08:00
51738,325,101,2026-06-30,5,1224.53,6122.65,refunded,2026-06-30T17:18:00
51739,304,103,2026-06-30,1,1471.36,1471.36,paid,2026-06-30T18:01:00
51740,220,102,2026-06-30,2,890.52,1781.04,paid,2026-06-30T14:50:00
51741,398,104,2026-06-30,2,1064.14,2128.28,paid,2026-06-30T16:34:00
51742,318,103,2026-06-30,1,1528.21,1528.21,paid,2026-06-30T09:40:00
51743,25,104,2026-06-30,1,1075.99,1075.99,refunded,2026-06-30T16:06:00
51744,127,105,2026-06-30,2,627.69,1255.38,paid,2026-06-30T18:10:00
51745,274,105,2026-06-30,2,593.51,1187.02,paid,2026-06-30T12:02:00
51746,67,104,2026-06-30,1,1085.98,1085.98,paid,2026-06-30T15:12:00
51747,136,102,2026-06-30,1,721.66,721.66,paid,2026-06-30T09:55:00
51748,83,101,2026-06-30,1,1063.32,1063.32,paid,2026-06-30T20:08:00
51749,109,103,2026-06-30,1,1523.14,1523.14,paid,2026-06-30T15:41:00
51750,124,101,2026-06-30,4,1259.4,5037.6,paid,2026-06-30T11:51:00
51751,76,102,2026-06-30,1,843.02,843.02,paid,2026-06-30T12:51:00
51752,279,105,2026-06-30,2,507.68,1015.36,refunded,2026-06-30T21:24:00
51753,45,101,2026-06-30,1,991.83,991.83,paid,2026-06-30T15:42:00
51754,12,105,2026-06-30,4,498.3,1993.2,paid,2026-06-30T19:21:00
51755,26,105,2026-07-01,1,549.44,549.44,paid,2026-07-01T13:06:00
51756,156,103,2026-07-01,1,1249.5,1249.5,paid,2026-07-01T14:07:00
51757,357,102,2026-07-01,2,726.95,1453.9,paid,2026-07-01T18:55:00
51758,185,103,2026-07-01,3,1500.15,4500.45,paid,2026-07-01T19:14:00
51759,341,104,2026-07-01,1,922.69,922.69,paid,2026-07-01T15:51:00
51760,278,101,2026-07-01,2,1139.78,2279.56,paid,2026-07-01T13:49:00
51761,99,103,2026-07-01,2,1353.68,2707.36,paid,2026-07-01T14:12:00
51762,163,103,2026-07-01,1,1264.79,1264.79,paid,2026-07-01T21:12:00
51763,78,102,2026-07-01,1,783.58,783.58,paid,2026-07-01T22:12:00
51764,380,101,2026-07-01,1,1173.17,1173.17,paid,2026-07-01T09:40:00
51765,184,101,2026-07-01,1,1251.46,1251.46,paid,2026-07-01T15:28:00
51766,48,102,2026-07-01,5,750.93,3754.65,paid,2026-07-01T19:51:00
51767,90,102,2026-07-01,1,787.16,787.16,paid,2026-07-01T19:07:00
51768,384,102,2026-07-01,3,700.06,2100.18,paid,2026-07-01T16:19:00
51769,350,104,2026-07-01,1,1030.01,1030.01,paid,2026-07-01T20:33:00
51770,172,102,2026-07-01,1,710.77,710.77,paid,2026-07-01T21:16:00
51771,345,102,2026-07-01,4,791.0,3164.0,paid,2026-07-01T12:47:00
51772,329,104,2026-07-01,1,979.53,979.53,paid,2026-07-01T08:06:00
51773,248,105,2026-07-01,2,520.66,1041.32,paid,2026-07-01T08:30:00
51774,95,104,2026-07-01,1,1040.05,1040.05,paid,2026-07-01T18:17:00
51775,231,105,2026-07-01,1,551.84,551.84,paid,2026-07-01T14:00:00
51776,91,101,2026-07-01,3,1136.13,3408.39,paid,2026-07-01T11:21:00
51777,133,105,2026-07-01,5,501.04,2505.2,paid,2026-07-01T12:04:00
51778,305,101,2026-07-01,1,1024.74,1024.74,refunded,2026-07-01T16:08:00
51779,393,102,2026-07-01,2,713.39,1426.78,paid,2026-07-01T16:35:00
51780,351,105,2026-07-02,1,591.95,591.95,paid,2026-07-02T13:29:00
51781,38,101,2026-07-02,1,1034.9,1034.9,refunded,2026-07-02T13:02:00
51782,157,102,2026-07-02,1,782.02,782.02,paid,2026-07-02T17:09:00
51783,394,103,2026-07-02,1,1487.71,1487.71,paid,2026-07-02T11:17:00
51784,201,101,2026-07-02,1,1229.84,1229.84,paid,2026-07-02T17:18:00
51785,275,102,2026-07-02,1,761.09,761.09,paid,2026-07-02T14:39:00
51786,9,105,2026-07-02,5,534.4,2672.0,paid,2026-07-02T09:22:00
51787,399,104,2026-07-02,2,1056.06,2112.12,paid,2026-07-02T18:41:00
51788,166,104,2026-07-02,1,966.31,966.31,paid,2026-07-02T16:36:00
51789,198,103,2026-07-02,1,1380.02,1380.02,paid,2026-07-02T14:57:00
51790,184,103,2026-07-02,1,1230.14,1230.14,paid,2026-07-02T14:57:00
51791,174,102,2026-07-02,1,873.09,873.09,paid,2026-07-02T19:37:00
51792,240,103,2026-07-02,3,1413.63,4240.89,paid,2026-07-02T14:40:00
51793,132,103,2026-07-02,1,1208.3,1208.3,paid,2026-07-02T12:28:00
51794,198,102,2026-07-02,1,777.6,777.6,paid,2026-07-02T15:55:00
51795,230,101,2026-07-02,1,1198.23,1198.23,paid,2026-07-02T11:45:00
51796,290,104,2026-07-02,1,955.36,955.36,paid,2026-07-02T12:50:00
51797,371,103,2026-07-02,1,1284.96,1284.96,paid,2026-07-02T14:01:00
51798,133,104,2026-07-02,1,1078.35,1078.35,refunded,2026-07-02T11:59:00
51799,313,103,2026-07-02,1,1521.07,1521.07,paid,2026-07-02T13:15:00
51800,384,104,2026-07-02,1,1155.32,1155.32,paid,2026-07-02T10:52:00
51801,189,104,2026-07-02,1,1165.24,1165.24,paid,2026-07-02T14:50:00
51802,210,101,2026-07-02,3,1192.4,3577.2,paid,2026-07-02T15:37:00
51803,364,101,2026-07-02,1,1069.65,1069.65,paid,2026-07-02T20:15:00
51804,396,103,2026-07-02,1,1250.81,1250.81,paid,2026-07-02T15:25:00
51805,329,104,2026-07-03,1,1101.55,1101.55,paid,2026-07-03T12:54:00
51806,19,103,2026-07-03,2,1194.78,2389.56,paid,2026-07-03T20:45:00
51807,207,102,2026-07-03,3,875.09,2625.27,paid,2026-07-03T15:31:00
51808,281,101,2026-07-03,3,1242.57,3727.71,refunded,2026-07-03T18:58:00
51809,268,101,2026-07-03,3,1002.41,3007.23,paid,2026-07-03T17:37:00
51810,139,104,2026-07-03,1,1002.01,1002.01,paid,2026-07-03T08:46:00
51811,2,101,2026-07-03,1,984.81,984.81,paid,2026-07-03T21:13:00
51812,166,102,2026-07-03,1,755.03,755.03,paid,2026-07-03T10:00:00
51813,199,104,2026-07-03,1,988.69,988.69,paid,2026-07-03T20:13:00
51814,186,104,2026-07-03,1,1154.08,1154.08,paid,2026-07-03T15:30:00
51815,280,103,2026-07-03,2,1430.62,2861.24,paid,2026-07-03T14:42:00
51816,65,103,2026-07-03,2,1479.43,2958.86,paid,2026-07-03T20:45:00
51817,241,102,2026-07-03,1,804.03,804.03,paid,2026-07-03T16:48:00
51818,395,103,2026-07-03,1,1438.32,1438.32,paid,2026-07-03T17:41:00
51819,30,104,2026-07-03,1,1117.78,1117.78,paid,2026-07-03T09:26:00
51820,127,105,2026-07-03,2,503.33,1006.66,paid,2026-07-03T10:19:00
51821,333,101,2026-07-03,1,1044.05,1044.05,paid,2026-07-03T08:43:00
51822,97,102,2026-07-03,1,715.64,715.64,paid,2026-07-03T08:53:00
51823,159,103,2026-07-03,1,1358.66,1358.66,refunded,2026-07-03T11:18:00
51824,27,105,2026-07-03,1,603.07,603.07,paid,2026-07-03T22:07:00
51825,289,101,2026-07-03,2,1160.77,2321.54,paid,2026-07-03T10:44:00
51826,250,102,2026-07-03,1,741.89,741.89,paid,2026-07-03T10:25:00
51827,113,101,2026-07-03,2,1174.56,2349.12,paid,2026-07-03T20:08:00
51828,211,103,2026-07-04,1,1324.16,1324.16,paid,2026-07-04T21:19:00
51829,283,102,2026-07-04,1,810.97,810.97,paid,2026-07-04T08:14:00
51830,181,101,2026-07-04,3,1062.31,3186.93,paid,2026-07-04T13:52:00
51831,247,102,2026-07-04,2,801.64,1603.28,paid,2026-07-04T13:14:00
51832,119,103,2026-07-04,4,1347.2,5388.8,paid,2026-07-04T14:16:00
51833,243,104,2026-07-04,1,910.46,910.46,paid,2026-07-04T19:52:00
51834,95,101,2026-07-04,3,1256.81,3770.43,paid,2026-07-04T12:52:00
51835,199,105,2026-07-04,1,539.58,539.58,paid,2026-07-04T14:36:00
51836,155,104,2026-07-04,2,1028.46,2056.92,paid,2026-07-04T16:48:00
51837,123,102,2026-07-04,5,721.99,3609.95,paid,2026-07-04T10:05:00
51838,375,105,2026-07-04,3,574.54,1723.62,refunded,2026-07-04T11:15:00
51839,150,104,2026-07-04,1,1078.14,1078.14,paid,2026-07-04T22:58:00
51840,95,103,2026-07-04,3,1388.52,4165.56,paid,2026-07-04T10:58:00
51841,79,103,2026-07-04,1,1433.82,1433.82,paid,2026-07-04T09:14:00
51842,114,101,2026-07-04,2,1028.32,2056.64,paid,2026-07-04T21:45:00
51843,125,103,2026-07-04,1,1413.16,1413.16,paid,2026-07-04T08:39:00
51844,11,105,2026-07-04,2,519.08,1038.16,paid,2026-07-04T13:01:00
51845,67,104,2026-07-04,1,1020.03,1020.03,paid,2026-07-04T19:32:00
51846,243,102,2026-07-04,1,737.38,737.38,paid,2026-07-04T19:44:00
51847,330,105,2026-07-04,1,541.6,541.6,refunded,2026-07-04T11:23:00
51848,364,105,2026-07-04,1,609.98,609.98,paid,2026-07-04T12:10:00
51849,189,105,2026-07-04,1,595.5,595.5,paid,2026-07-04T20:55:00
51850,60,101,2026-07-04,5,1143.57,5717.85,paid,2026-07-04T19:47:00
51851,174,105,2026-07-04,3,602.54,1807.62,paid,2026-07-04T14:32:00
51852,100,101,2026-07-04,3,1047.2,3141.6,refunded,2026-07-04T14:51:00
51853,228,103,2026-07-05,3,1460.16,4380.48,paid,2026-07-05T12:14:00
51854,78,105,2026-07-05,1,568.65,568.65,paid,2026-07-05T15:29:00
51855,197,103,2026-07-05,1,1272.14,1272.14,paid,2026-07-05T19:47:00
51856,328,103,2026-07-05,3,1224.17,3672.51,paid,2026-07-05T15:54:00
51857,291,102,2026-07-05,4,721.95,2887.8,paid,2026-07-05T10:41:00
51858,8,104,2026-07-05,1,957.25,957.25,paid,2026-07-05T10:41:00
51859,333,103,2026-07-05,1,1448.07,1448.07,paid,2026-07-05T13:48:00
51860,21,104,2026-07-05,2,966.92,1933.84,paid,2026-07-05T13:27:00
51861,298,101,2026-07-05,2,1173.15,2346.3,paid,2026-07-05T10:28:00
51862,95,102,2026-07-05,1,734.63,734.63,paid,2026-07-05T17:19:00
51863,367,102,2026-07-05,2,760.21,1520.42,paid,2026-07-05T21:27:00
51864,10,105,2026-07-05,1,598.14,598.14,paid,2026-07-05T08:09:00
51865,242,104,2026-07-05,2,1022.54,2045.08,paid,2026-07-05T12:48:00
51866,316,104,2026-07-05,1,1117.42,1117.42,paid,2026-07-05T22:35:00
51867,238,101,2026-07-05,1,1258.2,1258.2,paid,2026-07-05T18:23:00
51868,252,104,2026-07-05,1,951.96,951.96,paid,2026-07-05T08:39:00
51869,399,105,2026-07-05,1,576.62,576.62,paid,2026-07-05T22:16:00
51870,69,101,2026-07-05,3,1128.46,3385.38,paid,2026-07-05T09:14:00
51871,138,103,2026-07-05,2,1402.27,2804.54,paid,2026-07-05T11:08:00
51872,372,101,2026-07-05,1,1085.46,1085.46,paid,2026-07-05T19:35:00
51873,42,102,2026-07-06,1,752.41,752.41,paid,2026-07-06T09:31:00
51874,382,105,2026-07-06,1,616.34,616.34,paid,2026-07-06T12:41:00
51875,326,102,2026-07-06,2,706.69,1413.38,paid,2026-07-06T15:36:00
51876,93,101,2026-07-06,1,1091.32,1091.32,refunded,2026-07-06T22:54:00
51877,76,101,2026-07-06,2,1040.16,2080.32,paid,2026-07-06T12:45:00
51878,368,101,2026-07-06,1,1212.65,1212.65,paid,2026-07-06T12:44:00
51879,326,102,2026-07-06,1,817.0,817.0,paid,2026-07-06T18:46:00
51880,320,102,2026-07-06,1,802.84,802.84,paid,2026-07-06T10:16:00
51881,31,105,2026-07-06,2,520.78,1041.56,paid,2026-07-06T18:17:00
51882,129,102,2026-07-06,1,900.4,900.4,paid,2026-07-06T20:47:00
51883,371,101,2026-07-06,1,996.12,996.12,paid,2026-07-06T10:21:00
51884,299,101,2026-07-06,1,1126.11,1126.11,paid,2026-07-06T16:34:00
51885,40,101,2026-07-06,2,1192.67,2385.34,paid,2026-07-06T15:38:00
51886,146,101,2026-07-06,2,1083.74,2167.48,paid,2026-07-06T12:38:00
51887,294,102,2026-07-06,1,725.07,725.07,paid,2026-07-06T20:39:00
51888,298,105,2026-07-06,5,560.92,2804.6,paid,2026-07-06T10:11:00
51889,295,104,2026-07-06,1,1161.65,1161.65,paid,2026-07-06T09:47:00
51890,389,104,2026-07-06,2,936.37,1872.74,paid,2026-07-06T19:46:00
51891,292,105,2026-07-06,1,501.65,501.65,paid,2026-07-06T12:13:00
51892,159,103,2026-07-06,2,1279.29,2558.58,paid,2026-07-06T10:46:00
51893,91,102,2026-07-06,1,746.29,746.29,paid,2026-07-06T19:16:00
51894,274,101,2026-07-06,2,1228.31,2456.62,paid,2026-07-06T09:01:00
51895,376,105,2026-07-06,3,573.1,1719.3,paid,2026-07-06T22:14:00
51896,291,105,2026-07-06,2,587.25,1174.5,paid,2026-07-06T20:59:00
51897,192,103,2026-07-06,1,1313.74,1313.74,refunded,2026-07-06T22:07:00
51898,390,102,2026-07-06,1,764.25,764.25,paid,2026-07-06T15:53:00
51899,267,105,2026-07-07,1,512.03,512.03,paid,2026-07-07T09:37:00
51900,284,103,2026-07-07,1,1386.21,1386.21,paid,2026-07-07T21:00:00
51901,308,105,2026-07-07,1,551.28,551.28,paid,2026-07-07T09:44:00
51902,248,101,2026-07-07,2,1182.9,2365.8,paid,2026-07-07T09:01:00
51903,255,103,2026-07-07,5,1510.47,7552.35,paid,2026-07-07T14:58:00
51904,151,103,2026-07-07,1,1247.15,1247.15,paid,2026-07-07T14:37:00
51905,147,105,2026-07-07,1,605.07,605.07,paid,2026-07-07T19:30:00
51906,20,101,2026-07-07,2,1032.45,2064.9,paid,2026-07-07T09:51:00
51907,175,102,2026-07-07,1,742.61,742.61,paid,2026-07-07T19:52:00
51908,176,102,2026-07-07,1,801.34,801.34,paid,2026-07-07T14:14:00
51909,147,105,2026-07-07,1,570.89,570.89,refunded,2026-07-07T18:01:00
51910,132,101,2026-07-07,3,1031.66,3094.98,paid,2026-07-07T19:10:00
51911,40,105,2026-07-07,2,536.2,1072.4,paid,2026-07-07T14:50:00
51912,313,101,2026-07-07,1,1113.19,1113.19,paid,2026-07-07T18:23:00
51913,286,102,2026-07-07,2,790.32,1580.64,refunded,2026-07-07T11:04:00
51914,19,103,2026-07-07,1,1324.88,1324.88,paid,2026-07-07T20:41:00
51915,400,103,2026-07-07,1,1339.3,1339.3,paid,2026-07-07T20:53:00
51916,122,102,2026-07-07,1,776.83,776.83,paid,2026-07-07T14:17:00
51917,144,104,2026-07-07,1,1074.74,1074.74,paid,2026-07-07T15:26:00
51918,161,101,2026-07-07,1,1168.31,1168.31,paid,2026-07-07T19:21:00
51919,227,101,2026-07-07,2,1139.35,2278.7,paid,2026-07-07T10:10:00
51920,74,101,2026-07-07,4,1080.47,4321.88,paid,2026-07-07T21:35:00
51921,165,102,2026-07-07,1,723.41,723.41,paid,2026-07-07T16:21:00
51922,400,105,2026-07-07,2,574.27,1148.54,paid,2026-07-07T20:13:00
51923,198,102,2026-07-07,3,699.89,2099.67,paid,2026-07-07T15:46:00
51924,143,105,2026-07-07,1,565.88,565.88,paid,2026-07-07T19:33:00
51925,107,105,2026-07-07,2,610.15,1220.3,paid,2026-07-07T19:42:00
51926,341,101,2026-07-07,1,1103.86,1103.86,paid,2026-07-07T10:15:00
51927,256,103,2026-07-07,1,1488.5,1488.5,paid,2026-07-07T19:03:00
51928,158,105,2026-07-07,1,597.62,597.62,paid,2026-07-07T17:23:00
51929,49,105,2026-07-07,1,633.06,633.06,paid,2026-07-07T22:37:00
51930,132,105,2026-07-07,1,500.43,500.43,paid,2026-07-07T15:39:00
51931,294,101,2026-07-07,2,1136.3,2272.6,paid,2026-07-07T13:28:00
51932,292,105,2026-07-07,2,615.73,1231.46,paid,2026-07-07T10:52:00
51933,139,104,2026-07-08,1,1124.89,1124.89,paid,2026-07-08T12:20:00
51934,378,102,2026-07-08,1,772.41,772.41,paid,2026-07-08T09:23:00
51935,1,105,2026-07-08,2,561.53,1123.06,paid,2026-07-08T11:58:00
51936,198,103,2026-07-08,5,1412.71,7063.55,paid,2026-07-08T14:41:00
51937,64,101,2026-07-08,1,1121.84,1121.84,paid,2026-07-08T17:55:00
51938,80,104,2026-07-08,1,932.13,932.13,paid,2026-07-08T22:25:00
51939,250,102,2026-07-08,1,749.38,749.38,paid,2026-07-08T21:04:00
51940,61,105,2026-07-08,3,567.34,1702.02,paid,2026-07-08T14:22:00
51941,38,102,2026-07-08,2,850.49,1700.98,paid,2026-07-08T08:37:00
51942,164,103,2026-07-08,2,1479.36,2958.72,paid,2026-07-08T11:17:00
51943,153,103,2026-07-08,3,1340.78,4022.34,paid,2026-07-08T12:52:00
51944,222,105,2026-07-08,2,574.53,1149.06,paid,2026-07-08T22:06:00
51945,11,104,2026-07-08,3,935.88,2807.64,paid,2026-07-08T09:16:00
51946,384,102,2026-07-08,1,890.64,890.64,paid,2026-07-08T20:41:00
51947,129,101,2026-07-08,1,1164.57,1164.57,paid,2026-07-08T13:35:00
51948,294,104,2026-07-08,1,1039.01,1039.01,paid,2026-07-08T20:20:00
51949,35,101,2026-07-08,1,1028.12,1028.12,paid,2026-07-08T10:34:00
51950,18,104,2026-07-08,1,1114.85,1114.85,paid,2026-07-08T09:35:00
51951,329,105,2026-07-08,4,580.53,2322.12,paid,2026-07-08T17:31:00
51952,311,104,2026-07-08,1,1162.31,1162.31,paid,2026-07-08T15:48:00
51953,376,104,2026-07-08,1,919.08,919.08,paid,2026-07-08T17:11:00
51954,227,105,2026-07-08,2,585.83,1171.66,paid,2026-07-08T15:44:00
51955,112,102,2026-07-08,3,740.83,2222.49,paid,2026-07-08T20:44:00
51956,90,105,2026-07-08,1,621.44,621.44,paid,2026-07-08T09:16:00
51957,330,101,2026-07-08,1,1202.5,1202.5,paid,2026-07-08T15:28:00
51958,333,104,2026-07-08,2,1024.88,2049.76,paid,2026-07-08T14:47:00
51959,163,101,2026-07-08,1,1262.13,1262.13,paid,2026-07-08T08:02:00
51960,245,101,2026-07-08,1,1185.18,1185.18,refunded,2026-07-08T20:46:00
51961,56,102,2026-07-08,1,736.03,736.03,paid,2026-07-08T16:37:00
51962,348,102,2026-07-08,1,862.86,862.86,paid,2026-07-08T08:21:00
51963,170,102,2026-07-08,3,899.77,2699.31,paid,2026-07-08T14:31:00
51964,388,103,2026-07-08,4,1241.54,4966.16,paid,2026-07-08T18:29:00
51965,208,103,2026-07-08,1,1534.7,1534.7,paid,2026-07-08T13:57:00
51966,291,105,2026-07-08,1,621.68,621.68,paid,2026-07-08T16:26:00
51967,239,102,2026-07-08,2,712.53,1425.06,paid,2026-07-08T16:17:00
51968,81,105,2026-07-08,1,513.6,513.6,paid,2026-07-08T08:36:00
51969,141,101,2026-07-08,2,1268.53,2537.06,paid,2026-07-08T15:30:00
51970,178,101,2026-07-08,2,1084.42,2168.84,paid,2026-07-08T15:02:00
51971,194,102,2026-07-08,1,772.71,772.71,paid,2026-07-08T18:31:00
51972,286,103,2026-07-08,1,1328.39,1328.39,paid,2026-07-08T08:42:00
51973,19,104,2026-07-09,2,918.54,1837.08,paid,2026-07-09T19:04:00
51974,58,105,2026-07-09,2,614.29,1228.58,paid,2026-07-09T18:35:00
51975,268,105,2026-07-09,2,631.15,1262.3,refunded,2026-07-09T19:20:00
51976,389,103,2026-07-09,2,1522.3,3044.6,paid,2026-07-09T18:58:00
51977,138,104,2026-07-09,2,976.78,1953.56,paid,2026-07-09T12:13:00
51978,96,101,2026-07-09,1,1028.65,1028.65,paid,2026-07-09T15:06:00
51979,291,102,2026-07-09,2,820.22,1640.44,paid,2026-07-09T08:40:00
51980,140,103,2026-07-09,1,1218.46,1218.46,paid,2026-07-09T13:17:00
51981,75,101,2026-07-09,2,1017.98,2035.96,paid,2026-07-09T16:42:00
51982,241,102,2026-07-09,1,760.78,760.78,paid,2026-07-09T11:29:00
51983,180,102,2026-07-09,1,788.76,788.76,paid,2026-07-09T08:03:00
51984,114,104,2026-07-09,1,1117.41,1117.41,paid,2026-07-09T08:06:00
51985,237,104,2026-07-09,1,1023.98,1023.98,paid,2026-07-09T13:48:00
51986,5,105,2026-07-09,2,578.67,1157.34,paid,2026-07-09T19:12:00
51987,289,105,2026-07-09,2,558.6,1117.2,paid,2026-07-09T11:42:00
51988,311,105,2026-07-09,2,606.88,1213.76,paid,2026-07-09T17:27:00
51989,347,104,2026-07-09,1,1041.5,1041.5,paid,2026-07-09T15:20:00
51990,79,103,2026-07-09,1,1331.15,1331.15,paid,2026-07-09T22:29:00
51991,170,102,2026-07-09,2,717.48,1434.96,paid,2026-07-09T21:30:00
51992,39,103,2026-07-09,1,1527.39,1527.39,refunded,2026-07-09T21:25:00
51993,160,104,2026-07-09,1,1019.97,1019.97,paid,2026-07-09T20:11:00
51994,51,105,2026-07-09,1,538.8,538.8,paid,2026-07-09T14:52:00
51995,131,105,2026-07-09,1,590.42,590.42,paid,2026-07-09T08:23:00
51996,302,105,2026-07-09,2,506.95,1013.9,paid,2026-07-09T08:54:00
51997,273,101,2026-07-09,1,989.42,989.42,paid,2026-07-09T19:34:00
51998,183,103,2026-07-09,4,1306.33,5225.32,paid,2026-07-09T14:01:00
51999,56,102,2026-07-09,1,856.52,856.52,paid,2026-07-09T10:01:00
52000,12,102,2026-07-09,2,900.42,1800.84,paid,2026-07-09T22:05:00
52001,269,102,2026-07-09,1,819.23,819.23,paid,2026-07-09T19:04:00
52002,374,105,2026-07-09,3,517.8,1553.4,refunded,2026-07-09T13:05:00
52003,81,101,2026-07-09,1,1252.49,1252.49,paid,2026-07-09T10:19:00
52004,114,102,2026-07-09,1,858.6,858.6,paid,2026-07-09T18:10:00
52005,393,105,2026-07-09,1,628.44,628.44,paid,2026-07-09T13:57:00
52006,61,103,2026-07-09,2,1327.92,2655.84,paid,2026-07-09T18:56:00
52007,356,102,2026-07-09,3,731.95,2195.85,paid,2026-07-09T21:20:00
52008,252,105,2026-07-09,1,497.31,497.31,paid,2026-07-09T21:01:00
52009,269,102,2026-07-09,1,875.02,875.02,paid,2026-07-09T14:53:00
52010,368,102,2026-07-09,1,854.57,854.57,paid,2026-07-09T13:08:00
52011,165,104,2026-07-09,1,1092.08,1092.08,paid,2026-07-09T15:35:00
52012,76,105,2026-07-10,3,563.49,1690.47,paid,2026-07-10T14:28:00
52013,275,103,2026-07-10,1,1505.52,1505.52,paid,2026-07-10T09:41:00
52014,85,104,2026-07-10,1,939.54,939.54,paid,2026-07-10T09:10:00
52015,167,102,2026-07-10,1,736.74,736.74,paid,2026-07-10T11:21:00
52016,336,104,2026-07-10,1,1047.39,1047.39,paid,2026-07-10T16:43:00
52017,162,103,2026-07-10,2,1472.84,2945.68,paid,2026-07-10T13:39:00
52018,361,105,2026-07-10,1,593.57,593.57,paid,2026-07-10T20:51:00
52019,363,102,2026-07-10,1,845.75,845.75,paid,2026-07-10T13:51:00
52020,140,101,2026-07-10,1,1101.61,1101.61,paid,2026-07-10T14:19:00
52021,149,102,2026-07-10,2,822.71,1645.42,paid,2026-07-10T10:52:00
52022,388,101,2026-07-10,4,1114.02,4456.08,paid,2026-07-10T18:18:00
52023,364,104,2026-07-10,1,1147.88,1147.88,paid,2026-07-10T19:52:00
52024,386,104,2026-07-10,1,1136.33,1136.33,refunded,2026-07-10T17:08:00
52025,128,105,2026-07-10,1,522.21,522.21,paid,2026-07-10T08:59:00
52026,56,105,2026-07-10,1,545.48,545.48,paid,2026-07-10T19:15:00
52027,272,104,2026-07-10,1,934.97,934.97,paid,2026-07-10T21:56:00
52028,229,104,2026-07-10,2,1066.13,2132.26,paid,2026-07-10T12:34:00
52029,222,102,2026-07-10,1,800.05,800.05,paid,2026-07-10T14:48:00
52030,38,101,2026-07-11,1,1112.76,1112.76,paid,2026-07-11T08:58:00
52031,7,102,2026-07-11,1,842.81,842.81,paid,2026-07-11T11:44:00
52032,265,102,2026-07-11,1,712.37,712.37,paid,2026-07-11T22:06:00
52033,26,104,2026-07-11,2,1058.22,2116.44,paid,2026-07-11T22:12:00
52034,20,105,2026-07-11,2,596.16,1192.32,paid,2026-07-11T21:46:00
52035,9,102,2026-07-11,3,786.71,2360.13,paid,2026-07-11T20:12:00
52036,240,105,2026-07-11,1,559.28,559.28,paid,2026-07-11T15:17:00
52037,108,104,2026-07-11,1,924.26,924.26,paid,2026-07-11T21:51:00
52038,82,104,2026-07-11,1,955.45,955.45,paid,2026-07-11T11:37:00
52039,206,104,2026-07-11,4,939.19,3756.76,paid,2026-07-11T22:17:00
52040,316,105,2026-07-11,1,510.2,510.2,paid,2026-07-11T11:24:00
52041,135,105,2026-07-11,2,503.85,1007.7,paid,2026-07-11T15:46:00
52042,259,101,2026-07-11,1,1060.04,1060.04,paid,2026-07-11T08:25:00
52043,383,105,2026-07-11,1,526.88,526.88,paid,2026-07-11T09:44:00
52044,217,102,2026-07-11,3,738.88,2216.64,paid,2026-07-11T16:32:00
52045,286,102,2026-07-11,2,895.86,1791.72,paid,2026-07-11T20:31:00
52046,182,102,2026-07-11,2,711.54,1423.08,paid,2026-07-11T11:52:00
52047,246,102,2026-07-11,1,778.66,778.66,paid,2026-07-11T20:25:00
52048,315,104,2026-07-11,4,983.6,3934.4,paid,2026-07-11T18:53:00
52049,334,103,2026-07-11,2,1407.24,2814.48,paid,2026-07-11T13:15:00
52050,115,104,2026-07-11,1,943.68,943.68,paid,2026-07-11T08:05:00
52051,287,105,2026-07-11,2,538.1,1076.2,paid,2026-07-11T20:54:00
52052,254,102,2026-07-11,1,792.45,792.45,paid,2026-07-11T11:22:00
52053,60,105,2026-07-11,1,547.12,547.12,paid,2026-07-11T17:08:00
52054,184,101,2026-07-11,1,1195.27,1195.27,paid,2026-07-11T09:48:00
52055,310,103,2026-07-11,1,1243.28,1243.28,paid,2026-07-11T19:35:00
52056,29,103,2026-07-11,1,1330.02,1330.02,paid,2026-07-11T15:59:00
52057,298,101,2026-07-11,1,1085.03,1085.03,paid,2026-07-11T17:47:00
52058,4,101,2026-07-11,2,1229.36,2458.72,paid,2026-07-11T18:59:00
52059,190,101,2026-07-11,1,1154.36,1154.36,paid,2026-07-11T18:56:00
52060,7,102,2026-07-11,2,716.3,1432.6,paid,2026-07-11T22:15:00
52061,75,104,2026-07-12,2,1060.45,2120.9,paid,2026-07-12T14:15:00
52062,284,104,2026-07-12,1,922.26,922.26,paid,2026-07-12T09:25:00
52063,220,103,2026-07-12,2,1263.06,2526.12,paid,2026-07-12T19:01:00
52064,326,103,2026-07-12,1,1497.3,1497.3,paid,2026-07-12T22:51:00
52065,353,102,2026-07-12,2,887.63,1775.26,paid,2026-07-12T12:58:00
52066,372,101,2026-07-12,1,1020.57,1020.57,paid,2026-07-12T22:40:00
52067,216,105,2026-07-12,1,585.06,585.06,paid,2026-07-12T20:48:00
52068,178,102,2026-07-12,2,793.74,1587.48,paid,2026-07-12T20:23:00
52069,37,103,2026-07-12,1,1456.03,1456.03,paid,2026-07-12T20:37:00
52070,198,105,2026-07-12,4,541.62,2166.48,paid,2026-07-12T13:06:00
52071,65,101,2026-07-12,1,989.3,989.3,paid,2026-07-12T11:28:00
52072,220,105,2026-07-12,2,617.15,1234.3,paid,2026-07-12T15:33:00
52073,348,102,2026-07-12,1,798.49,798.49,paid,2026-07-12T19:37:00
52074,98,105,2026-07-12,1,535.0,535.0,paid,2026-07-12T13:06:00
52075,349,104,2026-07-12,1,1145.9,1145.9,paid,2026-07-12T09:09:00
52076,371,103,2026-07-12,2,1452.47,2904.94,paid,2026-07-12T10:48:00
52077,324,102,2026-07-12,2,716.68,1433.36,paid,2026-07-12T13:28:00
52078,222,101,2026-07-12,3,1152.33,3456.99,paid,2026-07-12T14:39:00
52079,375,102,2026-07-12,1,794.34,794.34,paid,2026-07-12T09:49:00
52080,178,103,2026-07-13,3,1401.07,4203.21,paid,2026-07-13T08:47:00
52081,73,103,2026-07-13,1,1430.38,1430.38,paid,2026-07-13T16:34:00
52082,8,101,2026-07-13,2,1185.5,2371.0,paid,2026-07-13T16:44:00
52083,358,104,2026-07-13,3,1128.34,3385.02,paid,2026-07-13T16:01:00
52084,251,104,2026-07-13,1,925.3,925.3,paid,2026-07-13T21:31:00
52085,328,103,2026-07-13,2,1281.22,2562.44,paid,2026-07-13T22:04:00
52086,178,102,2026-07-13,1,769.01,769.01,paid,2026-07-13T20:30:00
52087,65,104,2026-07-13,1,1048.73,1048.73,paid,2026-07-13T12:45:00
52088,184,102,2026-07-13,1,891.72,891.72,paid,2026-07-13T21:12:00
52089,365,102,2026-07-13,2,876.84,1753.68,paid,2026-07-13T11:46:00
52090,174,102,2026-07-13,2,750.64,1501.28,paid,2026-07-13T12:10:00
52091,281,103,2026-07-13,1,1254.26,1254.26,paid,2026-07-13T21:06:00
52092,56,103,2026-07-13,2,1301.36,2602.72,paid,2026-07-13T09:46:00
52093,299,102,2026-07-13,3,770.13,2310.39,paid,2026-07-13T18:54:00
52094,55,103,2026-07-13,1,1479.12,1479.12,paid,2026-07-13T13:04:00
52095,356,104,2026-07-13,1,1107.97,1107.97,paid,2026-07-13T22:36:00
52096,74,105,2026-07-13,4,558.15,2232.6,paid,2026-07-13T13:46:00
52097,312,104,2026-07-13,5,1084.88,5424.4,paid,2026-07-13T17:16:00
52098,21,103,2026-07-13,2,1305.35,2610.7,paid,2026-07-13T09:14:00
52099,325,105,2026-07-13,1,572.35,572.35,paid,2026-07-13T13:32:00
52100,348,103,2026-07-13,1,1247.05,1247.05,paid,2026-07-13T18:21:00
52101,113,103,2026-07-13,1,1259.28,1259.28,paid,2026-07-13T09:29:00
52102,344,101,2026-07-13,1,1187.33,1187.33,paid,2026-07-13T22:16:00
52103,384,102,2026-07-13,1,898.57,898.57,refunded,2026-07-13T12:22:00
52104,252,101,2026-07-13,1,1199.3,1199.3,paid,2026-07-13T12:56:00
52105,387,104,2026-07-13,1,1062.38,1062.38,paid,2026-07-13T08:50:00
52106,258,104,2026-07-13,2,998.38,1996.76,paid,2026-07-13T08:07:00
52107,153,104,2026-07-13,1,1122.12,1122.12,paid,2026-07-13T19:06:00
52108,268,104,2026-07-13,1,1128.57,1128.57,paid,2026-07-13T12:56:00
52109,112,104,2026-07-13,2,936.0,1872.0,paid,2026-07-13T12:20:00
52110,83,104,2026-07-13,2,1161.86,2323.72,paid,2026-07-13T14:44:00
52111,272,101,2026-07-13,1,1194.31,1194.31,paid,2026-07-13T19:32:00
52112,108,105,2026-07-13,1,506.03,506.03,paid,2026-07-13T19:40:00
52113,111,105,2026-07-13,1,534.4,534.4,paid,2026-07-13T10:18:00
52114,297,104,2026-07-13,1,972.21,972.21,paid,2026-07-13T18:43:00
52115,356,104,2026-07-13,1,1156.98,1156.98,paid,2026-07-13T16:48:00
52116,245,103,2026-07-13,2,1309.24,2618.48,refunded,2026-07-13T22:37:00
52117,293,103,2026-07-13,1,1393.22,1393.22,paid,2026-07-13T09:21:00
52118,119,101,2026-07-14,3,1203.89,3611.67,paid,2026-07-14T10:39:00
52119,189,102,2026-07-14,3,766.49,2299.47,paid,2026-07-14T16:30:00
52120,45,103,2026-07-14,1,1219.78,1219.78,paid,2026-07-14T10:07:00
52121,374,101,2026-07-14,1,1089.63,1089.63,paid,2026-07-14T11:01:00
52122,88,104,2026-07-14,1,1160.34,1160.34,paid,2026-07-14T16:45:00
52123,47,103,2026-07-14,1,1316.42,1316.42,paid,2026-07-14T14:32:00
52124,154,102,2026-07-14,1,785.6,785.6,paid,2026-07-14T22:27:00
52125,375,102,2026-07-14,1,784.52,784.52,paid,2026-07-14T13:50:00
52126,391,105,2026-07-14,2,587.91,1175.82,paid,2026-07-14T10:29:00
52127,374,104,2026-07-14,1,1012.55,1012.55,paid,2026-07-14T11:55:00
52128,29,104,2026-07-14,1,1030.32,1030.32,paid,2026-07-14T12:43:00
52129,139,102,2026-07-14,1,743.12,743.12,paid,2026-07-14T11:55:00
52130,176,102,2026-07-14,2,761.18,1522.36,paid,2026-07-14T14:29:00
52131,158,103,2026-07-14,1,1233.66,1233.66,paid,2026-07-14T16:09:00
52132,176,102,2026-07-14,1,869.42,869.42,paid,2026-07-14T18:30:00
52133,203,105,2026-07-14,2,604.76,1209.52,paid,2026-07-14T22:46:00
52134,231,104,2026-07-14,1,1069.52,1069.52,refunded,2026-07-14T17:50:00
52135,356,101,2026-07-14,1,1214.83,1214.83,paid,2026-07-14T21:27:00
52136,320,101,2026-07-14,1,1252.39,1252.39,paid,2026-07-14T18:24:00
52137,84,103,2026-07-14,2,1375.79,2751.58,paid,2026-07-14T09:39:00
52138,218,105,2026-07-14,1,521.19,521.19,refunded,2026-07-14T13:35:00
52139,353,101,2026-07-14,2,1245.99,2491.98,paid,2026-07-14T20:41:00
52140,253,105,2026-07-14,1,516.87,516.87,paid,2026-07-14T10:04:00
52141,81,102,2026-07-14,2,761.11,1522.22,paid,2026-07-14T18:54:00
52142,59,102,2026-07-14,5,843.96,4219.8,paid,2026-07-14T15:27:00
52143,170,103,2026-07-14,1,1460.99,1460.99,paid,2026-07-14T20:01:00
52144,80,103,2026-07-14,1,1527.12,1527.12,paid,2026-07-14T18:08:00
52145,192,104,2026-07-14,1,1115.44,1115.44,paid,2026-07-14T13:37:00
52146,342,105,2026-07-14,1,506.27,506.27,paid,2026-07-14T09:55:00
52147,234,102,2026-07-14,2,746.18,1492.36,paid,2026-07-14T20:18:00
52148,97,104,2026-07-14,2,1040.39,2080.78,paid,2026-07-14T16:33:00
52149,377,103,2026-07-14,4,1294.76,5179.04,paid,2026-07-14T17:32:00
52150,24,102,2026-07-14,1,900.88,900.88,paid,2026-07-14T18:30:00
52151,57,105,2026-07-14,1,594.22,594.22,paid,2026-07-14T12:15:00
52152,281,102,2026-07-15,3,812.06,2436.18,refunded,2026-07-15T22:00:00
52153,103,104,2026-07-15,1,998.6,998.6,paid,2026-07-15T14:52:00
52154,115,105,2026-07-15,1,575.37,575.37,paid,2026-07-15T19:37:00
52155,325,103,2026-07-15,1,1385.59,1385.59,paid,2026-07-15T15:24:00
52156,143,102,2026-07-15,5,842.69,4213.45,refunded,2026-07-15T17:48:00
52157,166,103,2026-07-15,2,1295.25,2590.5,paid,2026-07-15T22:42:00
52158,376,101,2026-07-15,3,1214.66,3643.98,paid,2026-07-15T17:09:00
52159,335,101,2026-07-15,2,1041.26,2082.52,paid,2026-07-15T19:47:00
52160,143,101,2026-07-15,2,1178.52,2357.04,paid,2026-07-15T21:39:00
52161,391,103,2026-07-15,1,1350.41,1350.41,paid,2026-07-15T19:07:00
52162,292,104,2026-07-15,2,1000.35,2000.7,paid,2026-07-15T09:27:00
52163,323,102,2026-07-15,3,765.68,2297.04,paid,2026-07-15T19:37:00
52164,114,102,2026-07-15,3,888.04,2664.12,paid,2026-07-15T20:47:00
52165,267,104,2026-07-15,1,1041.59,1041.59,paid,2026-07-15T13:38:00
52166,6,103,2026-07-15,2,1251.18,2502.36,paid,2026-07-15T10:56:00
52167,1,105,2026-07-15,1,608.54,608.54,paid,2026-07-15T15:22:00
52168,172,104,2026-07-15,2,970.57,1941.14,paid,2026-07-15T17:02:00
52169,232,103,2026-07-15,2,1236.6,2473.2,paid,2026-07-15T11:46:00
52170,180,103,2026-07-15,1,1254.2,1254.2,paid,2026-07-15T12:06:00
52171,328,103,2026-07-15,3,1272.84,3818.52,paid,2026-07-15T15:41:00
52172,206,105,2026-07-15,4,505.0,2020.0,paid,2026-07-15T09:27:00
52173,152,101,2026-07-15,2,1206.33,2412.66,paid,2026-07-15T19:34:00
52174,102,101,2026-07-15,2,1012.14,2024.28,paid,2026-07-15T13:01:00
52175,158,101,2026-07-15,1,1186.73,1186.73,paid,2026-07-15T13:16:00
52176,165,102,2026-07-15,2,806.2,1612.4,paid,2026-07-15T08:20:00
52177,255,104,2026-07-15,3,991.6,2974.8,paid,2026-07-15T19:57:00
52178,263,104,2026-07-15,2,1068.85,2137.7,paid,2026-07-15T08:40:00
52179,346,104,2026-07-15,2,936.46,1872.92,paid,2026-07-15T18:29:00
52180,372,104,2026-07-15,1,993.89,993.89,paid,2026-07-15T20:02:00
52181,296,103,2026-07-15,5,1524.37,7621.85,paid,2026-07-15T16:24:00
52182,206,103,2026-07-15,1,1450.25,1450.25,paid,2026-07-15T17:42:00
52183,149,104,2026-07-15,2,1057.29,2114.58,paid,2026-07-15T22:52:00
52184,323,102,2026-07-15,4,801.47,3205.88,paid,2026-07-15T22:20:00
52185,261,104,2026-07-15,1,999.03,999.03,paid,2026-07-15T19:43:00
52186,184,103,2026-07-15,2,1336.92,2673.84,paid,2026-07-15T14:01:00
52187,159,105,2026-07-15,2,572.35,1144.7,paid,2026-07-15T22:16:00
52188,175,101,2026-07-15,1,1239.2,1239.2,refunded,2026-07-15T17:53:00
52189,256,103,2026-07-15,1,1190.57,1190.57,paid,2026-07-15T19:42:00
52190,351,103,2026-07-16,1,1320.1,1320.1,paid,2026-07-16T15:17:00
52191,24,101,2026-07-16,3,1265.3,3795.9,paid,2026-07-16T15:54:00
52192,234,103,2026-07-16,4,1406.26,5625.04,refunded,2026-07-16T14:26:00
52193,315,103,2026-07-16,2,1395.11,2790.22,paid,2026-07-16T17:50:00
52194,135,105,2026-07-16,2,541.62,1083.24,paid,2026-07-16T18:49:00
52195,376,101,2026-07-16,2,1175.56,2351.12,paid,2026-07-16T16:40:00
52196,39,103,2026-07-16,1,1247.81,1247.81,paid,2026-07-16T11:17:00
52197,88,101,2026-07-16,3,1231.76,3695.28,paid,2026-07-16T11:35:00
52198,173,105,2026-07-16,1,565.48,565.48,paid,2026-07-16T16:49:00
52199,141,102,2026-07-16,1,784.35,784.35,paid,2026-07-16T21:51:00
52200,263,104,2026-07-16,4,937.98,3751.92,paid,2026-07-16T11:56:00
52201,284,102,2026-07-16,2,766.38,1532.76,paid,2026-07-16T16:03:00
52202,369,104,2026-07-16,3,1154.9,3464.7,paid,2026-07-16T17:28:00
52203,9,102,2026-07-16,2,875.89,1751.78,paid,2026-07-16T18:53:00
52204,309,104,2026-07-16,1,958.17,958.17,paid,2026-07-16T11:05:00
52205,339,103,2026-07-16,1,1225.9,1225.9,paid,2026-07-16T17:25:00
52206,335,104,2026-07-16,1,1131.4,1131.4,paid,2026-07-16T16:33:00
52207,305,104,2026-07-16,2,1016.19,2032.38,paid,2026-07-16T17:20:00
52208,44,101,2026-07-16,1,1222.82,1222.82,paid,2026-07-16T15:35:00
52209,219,102,2026-07-16,1,820.45,820.45,paid,2026-07-16T21:25:00
52210,11,103,2026-07-16,1,1522.26,1522.26,paid,2026-07-16T12:34:00
52211,236,105,2026-07-17,1,565.79,565.79,paid,2026-07-17T21:34:00
52212,359,104,2026-07-17,1,1046.69,1046.69,paid,2026-07-17T16:36:00
52213,148,101,2026-07-17,2,996.88,1993.76,paid,2026-07-17T15:04:00
52214,259,101,2026-07-17,1,1086.98,1086.98,paid,2026-07-17T22:46:00
52215,225,102,2026-07-17,1,833.22,833.22,paid,2026-07-17T16:56:00
52216,331,103,2026-07-17,2,1222.68,2445.36,paid,2026-07-17T17:12:00
52217,63,101,2026-07-17,1,1082.5,1082.5,paid,2026-07-17T19:31:00
52218,89,104,2026-07-17,1,923.45,923.45,refunded,2026-07-17T08:33:00
52219,63,104,2026-07-17,2,997.74,1995.48,paid,2026-07-17T12:39:00
52220,122,103,2026-07-17,1,1469.41,1469.41,paid,2026-07-17T21:08:00
52221,346,103,2026-07-17,2,1454.09,2908.18,paid,2026-07-17T21:07:00
52222,333,105,2026-07-17,2,547.05,1094.1,paid,2026-07-17T18:53:00
52223,192,102,2026-07-17,4,704.18,2816.72,paid,2026-07-17T22:18:00
52224,178,101,2026-07-17,4,1192.68,4770.72,paid,2026-07-17T14:38:00
52225,254,102,2026-07-17,1,840.15,840.15,paid,2026-07-17T14:56:00
52226,389,105,2026-07-17,1,634.31,634.31,paid,2026-07-17T20:35:00
52227,30,102,2026-07-17,1,834.97,834.97,refunded,2026-07-17T10:35:00
52228,276,103,2026-07-17,3,1327.38,3982.14,paid,2026-07-17T22:24:00
52229,146,102,2026-07-17,1,818.88,818.88,paid,2026-07-17T18:49:00
52230,121,103,2026-07-17,4,1258.22,5032.88,paid,2026-07-17T11:09:00
52231,160,101,2026-07-18,4,1007.74,4030.96,paid,2026-07-18T21:30:00
52232,356,105,2026-07-18,5,492.84,2464.2,paid,2026-07-18T10:23:00
52233,364,101,2026-07-18,2,1000.65,2001.3,paid,2026-07-18T21:19:00
52234,25,102,2026-07-18,1,768.48,768.48,paid,2026-07-18T22:48:00
52235,77,104,2026-07-18,1,960.41,960.41,paid,2026-07-18T09:31:00
52236,78,104,2026-07-18,2,974.83,1949.66,refunded,2026-07-18T10:58:00
52237,94,104,2026-07-18,1,904.51,904.51,refunded,2026-07-18T17:39:00
52238,29,101,2026-07-18,2,1136.41,2272.82,paid,2026-07-18T18:14:00
52239,373,101,2026-07-18,2,1142.95,2285.9,paid,2026-07-18T20:20:00
52240,161,104,2026-07-18,1,926.45,926.45,refunded,2026-07-18T10:10:00
52241,26,101,2026-07-18,1,1058.65,1058.65,paid,2026-07-18T13:02:00
52242,386,101,2026-07-18,4,1113.16,4452.64,paid,2026-07-18T09:48:00
52243,381,105,2026-07-18,2,492.86,985.72,paid,2026-07-18T22:41:00
52244,299,105,2026-07-18,3,508.05,1524.15,paid,2026-07-18T16:40:00
52245,30,104,2026-07-18,2,1093.62,2187.24,paid,2026-07-18T17:22:00
52246,43,101,2026-07-18,1,1109.09,1109.09,paid,2026-07-18T15:57:00
52247,383,102,2026-07-18,1,703.78,703.78,paid,2026-07-18T10:10:00
52248,124,102,2026-07-18,1,717.6,717.6,paid,2026-07-18T22:38:00
52249,271,105,2026-07-18,1,543.48,543.48,paid,2026-07-18T22:25:00
52250,179,102,2026-07-18,1,810.6,810.6,refunded,2026-07-18T21:06:00
52251,145,101,2026-07-18,2,1071.07,2142.14,paid,2026-07-18T11:58:00
52252,75,101,2026-07-18,1,1013.21,1013.21,refunded,2026-07-18T20:58:00
52253,177,104,2026-07-18,1,1038.6,1038.6,paid,2026-07-18T15:26:00
52254,344,101,2026-07-18,2,1047.27,2094.54,paid,2026-07-18T09:04:00
52255,202,102,2026-07-18,1,847.18,847.18,paid,2026-07-18T22:03:00
52256,130,105,2026-07-18,1,540.41,540.41,paid,2026-07-18T21:29:00
52257,78,101,2026-07-18,1,1260.5,1260.5,paid,2026-07-18T20:15:00
52258,277,104,2026-07-18,1,1063.41,1063.41,refunded,2026-07-18T13:50:00
52259,23,102,2026-07-18,2,886.0,1772.0,paid,2026-07-18T20:40:00
52260,274,103,2026-07-18,1,1195.21,1195.21,paid,2026-07-18T15:53:00
52261,252,101,2026-07-18,1,1146.31,1146.31,paid,2026-07-18T17:40:00
52262,211,101,2026-07-19,1,1025.76,1025.76,paid,2026-07-19T09:35:00
52263,176,102,2026-07-19,1,775.94,775.94,paid,2026-07-19T09:11:00
52264,297,104,2026-07-19,1,1117.52,1117.52,paid,2026-07-19T09:51:00
52265,225,101,2026-07-19,1,1180.72,1180.72,paid,2026-07-19T09:47:00
52266,31,104,2026-07-19,2,1128.32,2256.64,refunded,2026-07-19T09:08:00
52267,317,104,2026-07-19,2,941.79,1883.58,paid,2026-07-19T11:03:00
52268,350,105,2026-07-19,1,607.99,607.99,paid,2026-07-19T17:54:00
52269,388,105,2026-07-19,4,554.4,2217.6,paid,2026-07-19T12:36:00
52270,60,105,2026-07-19,2,506.6,1013.2,refunded,2026-07-19T17:02:00
52271,148,101,2026-07-19,3,1172.72,3518.16,paid,2026-07-19T09:56:00
52272,338,105,2026-07-19,2,617.73,1235.46,paid,2026-07-19T21:04:00
52273,119,105,2026-07-19,2,619.47,1238.94,paid,2026-07-19T12:20:00
52274,75,102,2026-07-19,2,820.77,1641.54,refunded,2026-07-19T08:23:00
52275,255,104,2026-07-19,1,1153.68,1153.68,paid,2026-07-19T18:14:00
52276,392,104,2026-07-19,2,1008.92,2017.84,paid,2026-07-19T16:39:00
52277,360,104,2026-07-19,4,1140.31,4561.24,paid,2026-07-19T13:09:00
52278,174,102,2026-07-19,1,898.84,898.84,paid,2026-07-19T10:26:00
52279,315,101,2026-07-19,3,1154.32,3462.96,paid,2026-07-19T19:46:00
52280,236,101,2026-07-19,2,1102.11,2204.22,paid,2026-07-19T13:13:00
52281,195,105,2026-07-19,1,575.68,575.68,paid,2026-07-19T17:09:00
52282,348,101,2026-07-20,2,1264.24,2528.48,paid,2026-07-20T10:11:00
52283,145,103,2026-07-20,1,1402.82,1402.82,paid,2026-07-20T18:48:00
52284,16,104,2026-07-20,1,1025.41,1025.41,paid,2026-07-20T14:53:00
52285,147,105,2026-07-20,1,603.45,603.45,paid,2026-07-20T10:34:00
52286,125,105,2026-07-20,1,541.02,541.02,paid,2026-07-20T08:38:00
52287,176,101,2026-07-20,1,984.53,984.53,paid,2026-07-20T20:20:00
52288,47,103,2026-07-20,5,1379.98,6899.9,paid,2026-07-20T18:59:00
52289,319,102,2026-07-20,3,810.28,2430.84,refunded,2026-07-20T22:00:00
52290,347,105,2026-07-20,1,591.31,591.31,paid,2026-07-20T08:20:00
52291,195,104,2026-07-20,2,1057.49,2114.98,paid,2026-07-20T13:12:00
52292,28,101,2026-07-20,1,1027.22,1027.22,paid,2026-07-20T09:42:00
52293,35,105,2026-07-20,1,575.35,575.35,paid,2026-07-20T10:05:00
52294,294,102,2026-07-20,1,792.67,792.67,paid,2026-07-20T14:44:00
52295,399,105,2026-07-20,4,536.25,2145.0,paid,2026-07-20T20:33:00
52296,101,105,2026-07-20,1,492.35,492.35,paid,2026-07-20T19:05:00
52297,350,103,2026-07-20,1,1365.69,1365.69,paid,2026-07-20T09:10:00
52298,126,105,2026-07-20,1,524.23,524.23,paid,2026-07-20T20:02:00
52299,186,104,2026-07-20,4,1133.68,4534.72,paid,2026-07-20T11:04:00
52300,199,104,2026-07-21,1,1091.36,1091.36,paid,2026-07-21T14:43:00
52301,72,102,2026-07-21,2,767.23,1534.46,paid,2026-07-21T08:52:00
52302,99,104,2026-07-21,1,1081.74,1081.74,paid,2026-07-21T20:05:00
52303,251,102,2026-07-21,3,796.47,2389.41,paid,2026-07-21T22:37:00
52304,9,101,2026-07-21,1,1255.14,1255.14,paid,2026-07-21T15:28:00
52305,264,105,2026-07-21,1,558.96,558.96,paid,2026-07-21T08:29:00
52306,363,104,2026-07-21,3,1046.17,3138.51,paid,2026-07-21T18:37:00
52307,278,101,2026-07-21,4,1223.72,4894.88,paid,2026-07-21T13:11:00
52308,349,102,2026-07-21,2,757.25,1514.5,paid,2026-07-21T19:22:00
52309,20,101,2026-07-21,3,1240.05,3720.15,paid,2026-07-21T13:31:00
52310,245,102,2026-07-21,1,846.95,846.95,paid,2026-07-21T10:02:00
52311,85,103,2026-07-21,4,1390.61,5562.44,paid,2026-07-21T17:22:00
52312,216,105,2026-07-21,1,566.39,566.39,paid,2026-07-21T20:36:00
52313,9,105,2026-07-21,1,574.18,574.18,paid,2026-07-21T13:23:00
52314,161,101,2026-07-21,1,1195.59,1195.59,paid,2026-07-21T21:00:00
52315,89,104,2026-07-21,1,1011.82,1011.82,refunded,2026-07-21T13:53:00
52316,2,104,2026-07-21,2,977.53,1955.06,paid,2026-07-21T14:52:00
52317,48,104,2026-07-21,1,994.6,994.6,refunded,2026-07-21T19:04:00
52318,48,104,2026-07-21,1,942.01,942.01,paid,2026-07-21T08:48:00
52319,125,104,2026-07-22,1,993.66,993.66,paid,2026-07-22T08:19:00
52320,133,102,2026-07-22,4,885.83,3543.32,paid,2026-07-22T18:49:00
52321,181,101,2026-07-22,2,1195.12,2390.24,paid,2026-07-22T15:36:00
52322,209,105,2026-07-22,4,502.06,2008.24,refunded,2026-07-22T17:46:00
52323,87,102,2026-07-22,1,886.99,886.99,paid,2026-07-22T20:05:00
52324,99,101,2026-07-22,1,1228.96,1228.96,paid,2026-07-22T13:23:00
52325,47,105,2026-07-22,2,625.56,1251.12,paid,2026-07-22T21:15:00
52326,216,104,2026-07-22,2,1095.56,2191.12,paid,2026-07-22T11:34:00
52327,98,101,2026-07-22,2,1179.27,2358.54,paid,2026-07-22T22:55:00
52328,366,104,2026-07-22,1,909.03,909.03,paid,2026-07-22T12:56:00
52329,74,102,2026-07-22,1,704.81,704.81,paid,2026-07-22T08:49:00
52330,365,103,2026-07-22,2,1513.74,3027.48,paid,2026-07-22T20:19:00
52331,198,104,2026-07-22,2,1057.54,2115.08,paid,2026-07-22T20:56:00
52332,293,105,2026-07-22,4,542.68,2170.72,paid,2026-07-22T11:12:00
52333,232,104,2026-07-22,3,1010.37,3031.11,paid,2026-07-22T15:51:00
52334,337,101,2026-07-22,4,1203.08,4812.32,paid,2026-07-22T14:41:00
52335,4,105,2026-07-22,1,543.33,543.33,paid,2026-07-22T20:01:00
52336,153,104,2026-07-22,1,902.89,902.89,paid,2026-07-22T12:24:00
52337,171,105,2026-07-22,1,553.91,553.91,paid,2026-07-22T21:11:00
52338,69,102,2026-07-22,1,781.27,781.27,paid,2026-07-22T17:18:00
52339,167,104,2026-07-22,1,1021.44,1021.44,paid,2026-07-22T15:59:00
52340,164,104,2026-07-22,3,1010.13,3030.39,paid,2026-07-22T18:44:00
52341,42,104,2026-07-22,1,913.0,913.0,paid,2026-07-22T15:22:00
52342,187,104,2026-07-23,1,1083.59,1083.59,paid,2026-07-23T12:37:00
52343,224,101,2026-07-23,1,1060.61,1060.61,refunded,2026-07-23T14:25:00
52344,252,102,2026-07-23,2,730.05,1460.1,paid,2026-07-23T20:02:00
52345,352,105,2026-07-23,5,598.68,2993.4,paid,2026-07-23T17:20:00
52346,41,104,2026-07-23,1,1078.14,1078.14,paid,2026-07-23T17:41:00
52347,311,103,2026-07-23,2,1196.01,2392.02,paid,2026-07-23T11:57:00
52348,388,105,2026-07-23,3,611.22,1833.66,paid,2026-07-23T22:54:00
52349,127,101,2026-07-23,2,1179.14,2358.28,paid,2026-07-23T19:46:00
52350,57,105,2026-07-23,3,590.69,1772.07,paid,2026-07-23T21:01:00
52351,318,101,2026-07-23,3,1133.65,3400.95,paid,2026-07-23T08:29:00
52352,240,102,2026-07-23,2,767.49,1534.98,paid,2026-07-23T08:01:00
52353,370,104,2026-07-23,3,944.55,2833.65,paid,2026-07-23T14:57:00
52354,285,102,2026-07-23,1,741.72,741.72,paid,2026-07-23T17:24:00
52355,213,104,2026-07-23,1,1116.59,1116.59,paid,2026-07-23T11:48:00
52356,168,104,2026-07-23,2,959.66,1919.32,paid,2026-07-23T15:20:00
52357,143,105,2026-07-23,2,585.76,1171.52,paid,2026-07-23T12:22:00
52358,87,103,2026-07-23,1,1321.44,1321.44,paid,2026-07-23T17:59:00
52359,151,105,2026-07-23,1,495.89,495.89,paid,2026-07-23T17:02:00
52360,68,103,2026-07-23,1,1483.65,1483.65,paid,2026-07-23T14:12:00
52361,245,104,2026-07-23,1,995.28,995.28,paid,2026-07-23T14:18:00
52362,186,103,2026-07-23,2,1480.06,2960.12,paid,2026-07-23T15:46:00
52363,168,103,2026-07-23,5,1343.19,6715.95,paid,2026-07-23T17:37:00
52364,85,104,2026-07-23,4,1067.36,4269.44,paid,2026-07-23T10:28:00
52365,257,105,2026-07-23,1,576.45,576.45,paid,2026-07-23T10:42:00
52366,385,105,2026-07-24,1,502.43,502.43,paid,2026-07-24T22:25:00
52367,281,104,2026-07-24,1,987.6,987.6,paid,2026-07-24T21:31:00
52368,353,104,2026-07-24,2,1063.44,2126.88,paid,2026-07-24T15:14:00
52369,335,104,2026-07-24,2,968.35,1936.7,paid,2026-07-24T15:48:00
52370,302,102,2026-07-24,2,785.58,1571.16,paid,2026-07-24T10:01:00
52371,98,103,2026-07-24,2,1478.79,2957.58,paid,2026-07-24T08:57:00
52372,380,105,2026-07-24,2,542.1,1084.2,paid,2026-07-24T21:21:00
52373,28,104,2026-07-24,1,1119.14,1119.14,paid,2026-07-24T08:24:00
52374,198,103,2026-07-24,3,1394.17,4182.51,paid,2026-07-24T13:55:00
52375,329,101,2026-07-24,2,1156.18,2312.36,paid,2026-07-24T15:43:00
52376,339,102,2026-07-24,1,834.67,834.67,refunded,2026-07-24T13:04:00
52377,118,102,2026-07-24,1,864.14,864.14,paid,2026-07-24T19:46:00
52378,79,103,2026-07-24,1,1198.32,1198.32,paid,2026-07-24T14:44:00
52379,120,102,2026-07-24,2,715.96,1431.92,paid,2026-07-24T13:18:00
52380,127,103,2026-07-24,1,1324.12,1324.12,paid,2026-07-24T15:32:00
52381,37,101,2026-07-24,1,1216.68,1216.68,paid,2026-07-24T14:54:00
52382,379,105,2026-07-24,1,557.29,557.29,paid,2026-07-24T10:18:00
52383,98,105,2026-07-24,2,559.85,1119.7,paid,2026-07-24T09:54:00
52384,389,103,2026-07-24,1,1498.04,1498.04,paid,2026-07-24T21:40:00
52385,3,104,2026-07-24,2,1023.44,2046.88,paid,2026-07-24T16:54:00
52386,126,101,2026-07-24,2,1070.42,2140.84,paid,2026-07-24T19:38:00
52387,6,103,2026-07-24,1,1463.82,1463.82,paid,2026-07-24T20:38:00
52388,120,105,2026-07-24,1,510.68,510.68,paid,2026-07-24T08:06:00
52389,267,101,2026-07-24,1,1263.12,1263.12,paid,2026-07-24T10:53:00
52390,355,104,2026-07-24,2,1121.67,2243.34,paid,2026-07-24T11:56:00
52391,376,102,2026-07-24,1,812.26,812.26,paid,2026-07-24T15:50:00
52392,17,104,2026-07-24,4,937.66,3750.64,paid,2026-07-24T14:40:00
52393,102,101,2026-07-24,2,1004.62,2009.24,paid,2026-07-24T19:14:00
52394,195,101,2026-07-24,3,1006.76,3020.28,refunded,2026-07-24T17:21:00
52395,16,104,2026-07-24,1,1015.9,1015.9,paid,2026-07-24T17:08:00
52396,240,102,2026-07-24,1,829.57,829.57,refunded,2026-07-24T18:18:00
52397,396,105,2026-07-24,2,564.94,1129.88,refunded,2026-07-24T11:10:00
52398,216,101,2026-07-25,1,1070.34,1070.34,paid,2026-07-25T14:03:00
52399,208,101,2026-07-25,1,1230.97,1230.97,paid,2026-07-25T16:17:00
52400,343,101,2026-07-25,2,1159.4,2318.8,paid,2026-07-25T11:02:00
52401,195,102,2026-07-25,1,847.72,847.72,refunded,2026-07-25T18:49:00
52402,225,103,2026-07-25,1,1362.33,1362.33,paid,2026-07-25T15:19:00
52403,263,104,2026-07-25,3,1036.92,3110.76,paid,2026-07-25T18:38:00
52404,391,104,2026-07-25,3,1138.84,3416.52,paid,2026-07-25T12:28:00
52405,106,101,2026-07-25,1,1215.81,1215.81,paid,2026-07-25T10:52:00
52406,147,104,2026-07-25,1,1017.77,1017.77,paid,2026-07-25T13:31:00
52407,339,104,2026-07-25,1,1040.03,1040.03,refunded,2026-07-25T15:31:00
52408,105,105,2026-07-25,1,492.98,492.98,paid,2026-07-25T11:26:00
52409,345,103,2026-07-25,1,1413.17,1413.17,paid,2026-07-25T08:23:00
52410,86,105,2026-07-25,3,593.74,1781.22,paid,2026-07-25T11:04:00
52411,180,103,2026-07-25,3,1473.9,4421.7,paid,2026-07-25T19:40:00
52412,340,104,2026-07-25,2,957.34,1914.68,paid,2026-07-25T09:57:00
52413,132,104,2026-07-25,1,949.48,949.48,paid,2026-07-25T08:02:00
52414,78,104,2026-07-25,3,1067.0,3201.0,paid,2026-07-25T09:38:00
52415,302,101,2026-07-25,1,1122.67,1122.67,paid,2026-07-25T09:10:00
52416,217,105,2026-07-25,1,545.06,545.06,paid,2026-07-25T14:03:00
52417,283,102,2026-07-25,2,846.17,1692.34,paid,2026-07-25T09:30:00
52418,347,101,2026-07-25,5,996.55,4982.75,paid,2026-07-25T08:50:00
52419,70,103,2026-07-25,1,1278.2,1278.2,paid,2026-07-25T15:43:00
52420,88,101,2026-07-25,3,1214.3,3642.9,paid,2026-07-25T17:10:00
52421,310,101,2026-07-25,1,1156.65,1156.65,paid,2026-07-25T13:15:00
52422,181,102,2026-07-25,4,750.97,3003.88,paid,2026-07-25T18:01:00
52423,337,105,2026-07-25,1,635.89,635.89,paid,2026-07-25T13:02:00
52424,353,104,2026-07-25,4,1133.46,4533.84,paid,2026-07-25T17:16:00
52425,192,104,2026-07-25,1,1094.96,1094.96,paid,2026-07-25T14:41:00
52426,352,104,2026-07-25,2,1134.99,2269.98,paid,2026-07-25T13:37:00
52427,156,101,2026-07-25,1,1154.07,1154.07,paid,2026-07-25T18:09:00
52428,180,103,2026-07-25,1,1406.25,1406.25,paid,2026-07-25T21:29:00
52429,293,102,2026-07-25,1,783.33,783.33,paid,2026-07-25T21:01:00
52430,232,104,2026-07-25,1,993.7,993.7,paid,2026-07-25T09:25:00
52431,255,101,2026-07-25,1,1032.47,1032.47,paid,2026-07-25T08:12:00
52432,261,103,2026-07-25,2,1432.1,2864.2,paid,2026-07-25T19:13:00
52433,170,101,2026-07-25,2,1014.62,2029.24,paid,2026-07-25T09:54:00
52434,45,105,2026-07-25,1,589.69,589.69,paid,2026-07-25T10:42:00
52435,307,105,2026-07-25,2,594.26,1188.52,paid,2026-07-25T10:30:00
52436,242,102,2026-07-25,4,801.07,3204.28,paid,2026-07-25T13:00:00
52437,11,104,2026-07-25,2,1046.1,2092.2,paid,2026-07-25T11:06:00
52438,2,102,2026-07-25,1,891.71,891.71,paid,2026-07-25T22:04:00
52439,350,105,2026-07-26,1,628.56,628.56,paid,2026-07-26T22:57:00
52440,77,101,2026-07-26,2,1223.56,2447.12,paid,2026-07-26T09:22:00
52441,312,101,2026-07-26,1,1159.59,1159.59,paid,2026-07-26T21:20:00
52442,218,103,2026-07-26,3,1238.1,3714.3,paid,2026-07-26T16:08:00
52443,339,105,2026-07-26,3,576.2,1728.6,paid,2026-07-26T22:40:00
52444,335,104,2026-07-26,1,959.97,959.97,paid,2026-07-26T15:33:00
52445,262,102,2026-07-26,1,767.12,767.12,paid,2026-07-26T18:36:00
52446,390,104,2026-07-26,2,1066.84,2133.68,paid,2026-07-26T21:46:00
52447,256,101,2026-07-26,2,1164.51,2329.02,paid,2026-07-26T13:37:00
52448,318,104,2026-07-26,2,1013.13,2026.26,paid,2026-07-26T22:52:00
52449,227,102,2026-07-26,2,737.28,1474.56,paid,2026-07-26T22:17:00
52450,39,104,2026-07-26,2,930.21,1860.42,paid,2026-07-26T14:17:00
52451,164,101,2026-07-26,1,1222.33,1222.33,refunded,2026-07-26T11:05:00
52452,298,102,2026-07-26,1,798.33,798.33,paid,2026-07-26T13:40:00
52453,163,102,2026-07-26,1,862.7,862.7,paid,2026-07-26T18:03:00
52454,242,104,2026-07-26,1,1142.99,1142.99,paid,2026-07-26T08:01:00
52455,366,102,2026-07-26,1,707.77,707.77,paid,2026-07-26T20:17:00
52456,98,104,2026-07-26,1,914.25,914.25,paid,2026-07-26T08:24:00
52457,99,104,2026-07-26,1,1065.13,1065.13,paid,2026-07-26T17:42:00
52458,93,104,2026-07-26,1,1092.09,1092.09,paid,2026-07-26T19:30:00
52459,2,105,2026-07-26,2,535.23,1070.46,paid,2026-07-26T12:58:00
52460,228,102,2026-07-26,1,785.02,785.02,paid,2026-07-26T10:43:00
52461,148,105,2026-07-26,4,633.28,2533.12,paid,2026-07-26T22:59:00
52462,29,102,2026-07-26,2,763.22,1526.44,paid,2026-07-26T22:40:00
52463,249,104,2026-07-26,2,1082.43,2164.86,paid,2026-07-26T12:46:00
52464,192,103,2026-07-26,1,1282.14,1282.14,refunded,2026-07-26T14:25:00
52465,198,105,2026-07-26,1,574.25,574.25,paid,2026-07-26T14:31:00
52466,216,104,2026-07-26,2,1030.74,2061.48,paid,2026-07-26T17:58:00
52467,87,103,2026-07-26,1,1192.52,1192.52,paid,2026-07-26T08:19:00
52468,368,104,2026-07-26,2,1026.29,2052.58,paid,2026-07-26T11:44:00
52469,266,101,2026-07-26,2,1109.58,2219.16,paid,2026-07-26T09:38:00
52470,149,104,2026-07-27,3,1092.26,3276.78,refunded,2026-07-27T10:27:00
52471,268,105,2026-07-27,2,609.97,1219.94,paid,2026-07-27T18:13:00
52472,17,105,2026-07-27,3,582.59,1747.77,paid,2026-07-27T18:35:00
52473,126,104,2026-07-27,2,918.32,1836.64,paid,2026-07-27T08:35:00
52474,335,102,2026-07-27,1,752.63,752.63,paid,2026-07-27T11:06:00
52475,50,104,2026-07-27,2,931.52,1863.04,paid,2026-07-27T13:34:00
52476,64,104,2026-07-27,1,1021.96,1021.96,paid,2026-07-27T11:12:00
52477,326,103,2026-07-27,1,1319.37,1319.37,paid,2026-07-27T16:38:00
52478,189,102,2026-07-27,1,827.63,827.63,paid,2026-07-27T16:57:00
52479,127,102,2026-07-27,3,753.42,2260.26,paid,2026-07-27T13:50:00
52480,70,102,2026-07-27,2,714.79,1429.58,paid,2026-07-27T17:24:00
52481,326,101,2026-07-27,1,1100.0,1100.0,paid,2026-07-27T17:24:00
52482,349,104,2026-07-27,2,1116.66,2233.32,paid,2026-07-27T10:46:00
52483,39,105,2026-07-27,3,610.08,1830.24,paid,2026-07-27T20:57:00
52484,219,102,2026-07-27,1,733.89,733.89,paid,2026-07-27T11:07:00
52485,24,105,2026-07-27,2,547.3,1094.6,paid,2026-07-27T08:28:00
52486,41,105,2026-07-27,3,604.47,1813.41,paid,2026-07-27T17:32:00
52487,277,101,2026-07-27,1,1042.73,1042.73,paid,2026-07-27T22:29:00
52488,232,102,2026-07-27,1,851.93,851.93,paid,2026-07-27T09:43:00
52489,284,105,2026-07-27,1,612.5,612.5,paid,2026-07-27T08:22:00
52490,367,104,2026-07-27,1,958.18,958.18,paid,2026-07-27T21:58:00
52491,4,102,2026-07-27,1,835.84,835.84,paid,2026-07-27T17:59:00
52492,40,103,2026-07-27,1,1299.66,1299.66,paid,2026-07-27T08:47:00
52493,352,104,2026-07-27,1,1096.96,1096.96,paid,2026-07-27T21:49:00
52494,335,103,2026-07-27,1,1531.2,1531.2,paid,2026-07-27T16:46:00
52495,29,103,2026-07-27,1,1354.47,1354.47,paid,2026-07-27T11:53:00
52496,320,103,2026-07-27,1,1342.44,1342.44,paid,2026-07-27T10:42:00
52497,172,103,2026-07-27,1,1498.37,1498.37,paid,2026-07-27T17:57:00
52498,362,105,2026-07-27,1,613.17,613.17,paid,2026-07-27T13:44:00
52499,358,101,2026-07-27,1,1097.01,1097.01,paid,2026-07-27T17:47:00
52500,347,105,2026-07-27,1,598.97,598.97,refunded,2026-07-27T16:35:00
52501,236,103,2026-07-27,1,1256.09,1256.09,paid,2026-07-27T22:57:00
52502,80,102,2026-07-28,1,897.24,897.24,paid,2026-07-28T11:17:00
52503,364,102,2026-07-28,2,886.01,1772.02,paid,2026-07-28T20:10:00
52504,135,102,2026-07-28,1,839.99,839.99,paid,2026-07-28T17:49:00
52505,6,103,2026-07-28,3,1409.21,4227.63,paid,2026-07-28T21:24:00
52506,212,101,2026-07-28,4,1204.46,4817.84,paid,2026-07-28T15:32:00
52507,215,102,2026-07-28,4,817.6,3270.4,paid,2026-07-28T18:09:00
52508,242,102,2026-07-28,1,720.18,720.18,paid,2026-07-28T21:13:00
52509,339,102,2026-07-28,2,721.39,1442.78,paid,2026-07-28T15:28:00
52510,59,104,2026-07-28,1,1114.11,1114.11,paid,2026-07-28T19:42:00
52511,10,101,2026-07-28,2,1212.85,2425.7,paid,2026-07-28T19:09:00
52512,49,104,2026-07-28,3,1107.23,3321.69,paid,2026-07-28T14:59:00
52513,307,105,2026-07-28,1,562.66,562.66,paid,2026-07-28T18:52:00
52514,10,103,2026-07-28,1,1498.09,1498.09,paid,2026-07-28T08:07:00
52515,324,103,2026-07-28,1,1241.12,1241.12,paid,2026-07-28T10:51:00
52516,226,104,2026-07-28,5,920.61,4603.05,paid,2026-07-28T10:19:00
52517,338,103,2026-07-28,3,1514.27,4542.81,paid,2026-07-28T20:50:00
52518,35,102,2026-07-28,5,748.83,3744.15,refunded,2026-07-28T09:05:00
52519,339,105,2026-07-28,1,531.39,531.39,paid,2026-07-28T17:42:00
52520,182,104,2026-07-28,1,1072.44,1072.44,paid,2026-07-28T11:18:00
52521,243,104,2026-07-28,2,1106.24,2212.48,paid,2026-07-28T08:51:00
52522,10,102,2026-07-28,1,791.17,791.17,paid,2026-07-28T15:02:00
52523,251,103,2026-07-28,1,1198.51,1198.51,paid,2026-07-28T21:27:00
52524,122,101,2026-07-28,1,1079.25,1079.25,paid,2026-07-28T18:04:00
52525,286,103,2026-07-28,1,1460.44,1460.44,paid,2026-07-28T17:31:00
52526,124,104,2026-07-28,1,1110.57,1110.57,paid,2026-07-28T16:58:00
52527,286,104,2026-07-29,1,991.98,991.98,paid,2026-07-29T19:43:00
52528,327,105,2026-07-29,1,535.94,535.94,refunded,2026-07-29T17:37:00
52529,27,104,2026-07-29,1,1091.13,1091.13,paid,2026-07-29T20:06:00
52530,390,105,2026-07-29,1,518.05,518.05,paid,2026-07-29T22:48:00
52531,373,105,2026-07-29,3,497.51,1492.53,paid,2026-07-29T08:18:00
52532,133,101,2026-07-29,4,1219.44,4877.76,paid,2026-07-29T09:11:00
52533,396,104,2026-07-29,5,1005.36,5026.8,paid,2026-07-29T12:18:00
52534,44,101,2026-07-29,1,1138.23,1138.23,paid,2026-07-29T12:40:00
52535,200,105,2026-07-29,1,501.34,501.34,paid,2026-07-29T19:00:00
52536,368,105,2026-07-29,1,589.04,589.04,paid,2026-07-29T20:09:00
52537,222,103,2026-07-29,1,1448.98,1448.98,paid,2026-07-29T22:06:00
52538,174,101,2026-07-29,2,1107.2,2214.4,paid,2026-07-29T09:50:00
52539,146,102,2026-07-29,1,784.25,784.25,paid,2026-07-29T17:49:00
52540,380,102,2026-07-29,1,888.86,888.86,paid,2026-07-29T17:38:00
52541,64,102,2026-07-29,5,720.74,3603.7,paid,2026-07-29T17:19:00
52542,119,101,2026-07-29,1,1037.25,1037.25,paid,2026-07-29T19:15:00
52543,25,104,2026-07-29,1,1015.9,1015.9,paid,2026-07-29T11:20:00
52544,302,105,2026-07-29,1,550.03,550.03,paid,2026-07-29T19:29:00
52545,254,104,2026-07-29,1,970.66,970.66,paid,2026-07-29T16:19:00
52546,40,101,2026-07-29,4,1139.77,4559.08,paid,2026-07-29T22:15:00
52547,72,102,2026-07-29,2,836.03,1672.06,paid,2026-07-29T09:26:00
52548,264,101,2026-07-29,2,1087.77,2175.54,paid,2026-07-29T18:05:00
52549,258,104,2026-07-29,1,1010.04,1010.04,paid,2026-07-29T16:54:00
52550,364,102,2026-07-29,2,817.62,1635.24,refunded,2026-07-29T16:48:00
52551,210,105,2026-07-29,2,507.85,1015.7,paid,2026-07-29T16:32:00
52552,207,103,2026-07-29,1,1250.77,1250.77,paid,2026-07-29T19:44:00
52553,271,103,2026-07-29,2,1532.16,3064.32,paid,2026-07-29T15:41:00
52554,353,105,2026-07-29,3,537.34,1612.02,refunded,2026-07-29T11:08:00
52555,249,105,2026-07-29,1,501.34,501.34,refunded,2026-07-29T10:39:00
52556,363,104,2026-07-29,1,978.89,978.89,paid,2026-07-29T21:32:00
52557,395,103,2026-07-29,1,1340.97,1340.97,paid,2026-07-29T20:27:00
52558,17,102,2026-07-29,1,875.22,875.22,paid,2026-07-29T19:59:00
52559,232,102,2026-07-29,1,815.81,815.81,paid,2026-07-29T18:29:00
52560,14,104,2026-07-29,1,936.55,936.55,paid,2026-07-29T16:55:00
52561,355,104,2026-07-29,3,1122.59,3367.77,paid,2026-07-29T22:12:00
52562,132,104,2026-07-29,1,1055.24,1055.24,paid,2026-07-29T09:16:00
52563,5,103,2026-07-29,1,1249.51,1249.51,paid,2026-07-29T19:28:00
52564,275,103,2026-07-29,1,1324.18,1324.18,paid,2026-07-29T11:49:00
52565,84,105,2026-07-29,1,503.05,503.05,paid,2026-07-29T18:06:00
52566,358,104,2026-07-30,4,1100.76,4403.04,refunded,2026-07-30T19:00:00
52567,280,103,2026-07-30,2,1491.43,2982.86,paid,2026-07-30T19:25:00
52568,395,103,2026-07-30,1,1196.83,1196.83,paid,2026-07-30T22:34:00
52569,23,105,2026-07-30,1,585.19,585.19,paid,2026-07-30T12:43:00
52570,266,103,2026-07-30,1,1230.61,1230.61,paid,2026-07-30T11:22:00
52571,45,105,2026-07-30,1,499.39,499.39,paid,2026-07-30T15:05:00
52572,94,102,2026-07-30,2,891.39,1782.78,paid,2026-07-30T14:28:00
52573,15,101,2026-07-30,4,1176.61,4706.44,paid,2026-07-30T09:10:00
52574,343,102,2026-07-30,2,750.49,1500.98,paid,2026-07-30T21:54:00
52575,324,101,2026-07-30,2,998.93,1997.86,paid,2026-07-30T08:14:00
52576,388,101,2026-07-30,4,1011.53,4046.12,paid,2026-07-30T18:40:00
52577,311,103,2026-07-30,1,1199.8,1199.8,paid,2026-07-30T11:18:00
52578,130,102,2026-07-30,3,698.77,2096.31,paid,2026-07-30T21:40:00
52579,330,105,2026-07-30,3,575.07,1725.21,paid,2026-07-30T11:59:00
52580,73,103,2026-07-30,1,1415.98,1415.98,paid,2026-07-30T15:26:00
52581,38,102,2026-07-30,5,883.55,4417.75,paid,2026-07-30T22:30:00
52582,239,101,2026-07-30,1,1132.78,1132.78,paid,2026-07-30T13:13:00
52583,330,101,2026-07-30,1,1096.13,1096.13,paid,2026-07-30T13:25:00
52584,321,105,2026-07-30,1,540.06,540.06,refunded,2026-07-30T18:20:00
52585,64,103,2026-07-30,2,1283.6,2567.2,paid,2026-07-30T21:43:00
52586,246,105,2026-07-30,1,539.11,539.11,paid,2026-07-30T08:16:00
52587,359,103,2026-07-31,1,1468.41,1468.41,paid,2026-07-31T08:31:00
52588,165,101,2026-07-31,1,1075.03,1075.03,paid,2026-07-31T08:22:00
52589,41,104,2026-07-31,1,1098.79,1098.79,paid,2026-07-31T14:29:00
52590,322,101,2026-07-31,4,1196.63,4786.52,paid,2026-07-31T21:18:00
52591,101,101,2026-07-31,2,1014.04,2028.08,paid,2026-07-31T22:20:00
52592,173,104,2026-07-31,1,1164.78,1164.78,paid,2026-07-31T22:13:00
52593,86,103,2026-07-31,2,1228.39,2456.78,paid,2026-07-31T08:40:00
52594,134,101,2026-07-31,1,1228.73,1228.73,refunded,2026-07-31T08:16:00
52595,202,103,2026-07-31,1,1379.36,1379.36,paid,2026-07-31T12:58:00
52596,371,103,2026-07-31,1,1338.62,1338.62,paid,2026-07-31T18:43:00
52597,41,101,2026-07-31,2,1029.65,2059.3,refunded,2026-07-31T16:49:00
52598,338,105,2026-07-31,2,504.16,1008.32,paid,2026-07-31T13:22:00
52599,321,104,2026-07-31,2,1066.33,2132.66,paid,2026-07-31T12:56:00
52600,110,104,2026-07-31,1,1164.96,1164.96,paid,2026-07-31T10:14:00
52601,163,105,2026-07-31,1,630.49,630.49,refunded,2026-07-31T15:03:00
52602,363,102,2026-07-31,2,789.68,1579.36,paid,2026-07-31T21:53:00
52603,387,101,2026-07-31,3,1177.41,3532.23,paid,2026-07-31T17:48:00
52604,349,103,2026-07-31,2,1324.55,2649.1,paid,2026-07-31T15:41:00
52605,204,101,2026-07-31,1,1265.06,1265.06,paid,2026-07-31T19:58:00
52606,69,105,2026-07-31,3,634.33,1902.99,paid,2026-07-31T12:05:00
52607,19,104,2026-07-31,3,947.23,2841.69,paid,2026-07-31T10:01:00
52608,360,103,2026-07-31,2,1353.77,2707.54,paid,2026-07-31T20:52:00
52609,39,104,2026-07-31,1,1040.37,1040.37,paid,2026-07-31T09:54:00
52610,156,103,2026-07-31,1,1535.23,1535.23,paid,2026-07-31T22:37:00
52611,218,101,2026-07-31,2,1137.1,2274.2,paid,2026-07-31T18:09:00
52612,220,102,2026-07-31,1,894.82,894.82,refunded,2026-07-31T22:59:00
52613,213,103,2026-07-31,1,1284.31,1284.31,refunded,2026-07-31T20:49:00
52614,53,105,2026-07-31,4,498.18,1992.72,paid,2026-07-31T11:56:00
52615,10,103,2026-07-31,1,1268.75,1268.75,paid,2026-07-31T11:12:00
52616,109,102,2026-07-31,1,837.23,837.23,paid,2026-07-31T08:37:00
52617,299,104,2026-07-31,2,1163.28,2326.56,paid,2026-07-31T13:16:00
52618,239,104,2026-08-01,3,1130.03,3390.09,paid,2026-08-01T19:22:00
52619,26,104,2026-08-01,3,923.69,2771.07,paid,2026-08-01T16:01:00
52620,89,105,2026-08-01,3,573.59,1720.77,paid,2026-08-01T11:09:00
52621,94,103,2026-08-01,1,1271.6,1271.6,paid,2026-08-01T21:51:00
52622,103,101,2026-08-01,2,1142.59,2285.18,paid,2026-08-01T16:55:00
52623,100,101,2026-08-01,1,1220.53,1220.53,paid,2026-08-01T20:34:00
52624,366,103,2026-08-01,1,1524.8,1524.8,paid,2026-08-01T17:41:00
52625,48,101,2026-08-01,2,1016.62,2033.24,paid,2026-08-01T17:54:00
52626,205,103,2026-08-01,1,1274.77,1274.77,paid,2026-08-01T20:56:00
52627,187,103,2026-08-01,1,1420.17,1420.17,paid,2026-08-01T13:27:00
52628,395,102,2026-08-01,1,808.62,808.62,paid,2026-08-01T19:26:00
52629,203,104,2026-08-01,3,1129.64,3388.92,paid,2026-08-01T11:14:00
52630,393,104,2026-08-01,1,1040.71,1040.71,paid,2026-08-01T17:28:00
52631,61,103,2026-08-01,1,1412.35,1412.35,paid,2026-08-01T18:38:00
52632,245,101,2026-08-01,1,987.71,987.71,paid,2026-08-01T16:17:00
52633,205,102,2026-08-01,1,878.74,878.74,paid,2026-08-01T17:46:00
52634,198,103,2026-08-01,2,1256.94,2513.88,paid,2026-08-01T21:07:00
52635,141,103,2026-08-01,1,1474.87,1474.87,paid,2026-08-01T13:38:00
52636,188,102,2026-08-01,1,869.3,869.3,paid,2026-08-01T21:31:00
52637,316,102,2026-08-01,4,792.89,3171.56,paid,2026-08-01T13:01:00
52638,231,101,2026-08-01,2,1260.2,2520.4,paid,2026-08-01T10:15:00
52639,369,103,2026-08-01,1,1300.88,1300.88,paid,2026-08-01T17:17:00
52640,198,104,2026-08-01,2,1148.33,2296.66,paid,2026-08-01T17:15:00
52641,241,102,2026-08-01,1,894.13,894.13,paid,2026-08-01T19:37:00
52642,245,103,2026-08-01,1,1495.58,1495.58,paid,2026-08-01T15:19:00
52643,231,104,2026-08-01,1,1164.11,1164.11,paid,2026-08-01T11:04:00
52644,142,102,2026-08-01,1,716.01,716.01,paid,2026-08-01T21:03:00
52645,105,101,2026-08-01,1,1000.02,1000.02,paid,2026-08-01T08:08:00
52646,295,103,2026-08-01,1,1203.33,1203.33,paid,2026-08-01T13:30:00
52647,278,101,2026-08-01,2,1030.47,2060.94,paid,2026-08-01T12:53:00
52648,192,101,2026-08-01,3,1185.33,3555.99,paid,2026-08-01T08:28:00
52649,52,104,2026-08-01,1,921.07,921.07,paid,2026-08-01T10:12:00
52650,387,102,2026-08-01,1,780.46,780.46,paid,2026-08-01T15:28:00
52651,34,102,2026-08-01,2,887.16,1774.32,paid,2026-08-01T09:37:00
52652,223,104,2026-08-01,5,946.92,4734.6,paid,2026-08-01T21:40:00
52653,271,104,2026-08-01,1,954.61,954.61,paid,2026-08-01T21:50:00
52654,262,101,2026-08-01,1,1088.55,1088.55,paid,2026-08-01T18:43:00
52655,260,104,2026-08-01,4,1039.31,4157.24,paid,2026-08-01T09:21:00
52656,332,103,2026-08-01,1,1412.51,1412.51,paid,2026-08-01T22:21:00
52657,92,101,2026-08-01,2,1056.5,2113.0,paid,2026-08-01T13:51:00
52658,282,104,2026-08-02,1,1089.88,1089.88,paid,2026-08-02T21:24:00
52659,24,103,2026-08-02,2,1298.57,2597.14,paid,2026-08-02T15:47:00
52660,25,101,2026-08-02,2,1239.12,2478.24,paid,2026-08-02T16:12:00
52661,245,101,2026-08-02,1,1236.49,1236.49,paid,2026-08-02T19:25:00
52662,181,103,2026-08-02,2,1229.48,2458.96,paid,2026-08-02T17:56:00
52663,20,103,2026-08-02,1,1481.71,1481.71,paid,2026-08-02T14:28:00
52664,247,105,2026-08-02,1,611.31,611.31,paid,2026-08-02T13:13:00
52665,152,101,2026-08-02,1,994.32,994.32,paid,2026-08-02T13:47:00
52666,371,105,2026-08-02,1,611.97,611.97,paid,2026-08-02T10:30:00
52667,345,102,2026-08-02,1,834.56,834.56,paid,2026-08-02T16:18:00
52668,197,105,2026-08-02,1,572.51,572.51,paid,2026-08-02T09:47:00
52669,343,104,2026-08-02,1,939.38,939.38,paid,2026-08-02T08:52:00
52670,329,104,2026-08-02,3,1085.37,3256.11,paid,2026-08-02T18:27:00
52671,242,104,2026-08-02,2,1041.83,2083.66,paid,2026-08-02T18:18:00
52672,279,103,2026-08-02,3,1379.51,4138.53,paid,2026-08-02T13:06:00
52673,389,104,2026-08-02,3,1026.38,3079.14,paid,2026-08-02T14:18:00
52674,68,103,2026-08-02,1,1471.7,1471.7,paid,2026-08-02T16:50:00
52675,227,101,2026-08-02,2,1262.14,2524.28,paid,2026-08-02T16:06:00
52676,284,102,2026-08-03,4,863.44,3453.76,paid,2026-08-03T09:06:00
52677,232,101,2026-08-03,1,1127.5,1127.5,paid,2026-08-03T14:25:00
52678,294,103,2026-08-03,2,1291.13,2582.26,refunded,2026-08-03T17:20:00
52679,338,102,2026-08-03,1,759.77,759.77,paid,2026-08-03T21:03:00
52680,254,101,2026-08-03,1,1019.03,1019.03,paid,2026-08-03T17:50:00
52681,156,105,2026-08-03,2,499.17,998.34,paid,2026-08-03T21:43:00
52682,206,101,2026-08-03,1,1075.56,1075.56,paid,2026-08-03T13:48:00
52683,334,101,2026-08-03,1,1126.24,1126.24,paid,2026-08-03T16:50:00
52684,289,103,2026-08-03,3,1228.47,3685.41,paid,2026-08-03T14:08:00
52685,91,103,2026-08-03,2,1493.2,2986.4,paid,2026-08-03T19:04:00
52686,287,105,2026-08-03,1,554.14,554.14,paid,2026-08-03T16:08:00
52687,77,105,2026-08-03,1,583.79,583.79,paid,2026-08-03T16:58:00
52688,283,105,2026-08-03,1,502.9,502.9,paid,2026-08-03T10:26:00
52689,144,102,2026-08-03,2,757.2,1514.4,paid,2026-08-03T13:15:00
52690,235,104,2026-08-03,3,1004.65,3013.95,paid,2026-08-03T22:55:00
52691,130,102,2026-08-03,1,899.55,899.55,paid,2026-08-03T13:52:00
52692,70,103,2026-08-03,1,1215.39,1215.39,refunded,2026-08-03T10:07:00
52693,220,102,2026-08-03,1,752.23,752.23,paid,2026-08-03T12:54:00
52694,152,101,2026-08-03,1,1217.06,1217.06,paid,2026-08-03T11:07:00
52695,302,105,2026-08-03,1,588.98,588.98,paid,2026-08-03T20:27:00
52696,261,105,2026-08-03,1,599.95,599.95,paid,2026-08-03T18:05:00
52697,358,105,2026-08-03,1,537.06,537.06,paid,2026-08-03T22:42:00
52698,375,103,2026-08-03,1,1485.02,1485.02,paid,2026-08-03T13:52:00
52699,112,104,2026-08-03,1,1133.13,1133.13,paid,2026-08-03T19:30:00
52700,61,102,2026-08-03,2,729.47,1458.94,paid,2026-08-03T13:06:00
52701,108,101,2026-08-03,1,1119.18,1119.18,paid,2026-08-03T13:10:00
52702,78,105,2026-08-03,2,571.75,1143.5,paid,2026-08-03T18:26:00
52703,58,105,2026-08-03,1,560.94,560.94,paid,2026-08-03T13:45:00
52704,188,105,2026-08-03,1,629.81,629.81,paid,2026-08-03T17:33:00
52705,317,102,2026-08-03,2,789.05,1578.1,paid,2026-08-03T12:08:00
52706,127,102,2026-08-03,3,752.33,2256.99,paid,2026-08-03T18:00:00
52707,382,105,2026-08-03,1,509.08,509.08,paid,2026-08-03T20:39:00
52708,335,103,2026-08-03,3,1337.68,4013.04,paid,2026-08-03T10:35:00
52709,339,103,2026-08-03,1,1388.52,1388.52,paid,2026-08-03T10:25:00
52710,80,104,2026-08-03,1,1047.84,1047.84,paid,2026-08-03T15:51:00
52711,13,104,2026-08-04,1,1081.38,1081.38,paid,2026-08-04T13:55:00
52712,22,105,2026-08-04,1,574.06,574.06,paid,2026-08-04T14:55:00
52713,54,104,2026-08-04,1,1032.61,1032.61,paid,2026-08-04T19:05:00
52714,123,105,2026-08-04,5,514.3,2571.5,paid,2026-08-04T16:53:00
52715,387,105,2026-08-04,5,589.93,2949.65,paid,2026-08-04T16:37:00
52716,15,104,2026-08-04,1,1148.8,1148.8,paid,2026-08-04T15:44:00
52717,16,105,2026-08-04,1,597.01,597.01,paid,2026-08-04T14:18:00
52718,288,103,2026-08-04,1,1375.38,1375.38,paid,2026-08-04T18:06:00
52719,261,101,2026-08-04,1,1106.03,1106.03,paid,2026-08-04T17:00:00
52720,360,104,2026-08-04,2,1128.77,2257.54,paid,2026-08-04T17:33:00
52721,98,101,2026-08-04,1,1073.02,1073.02,paid,2026-08-04T11:20:00
52722,179,101,2026-08-04,5,1184.22,5921.1,paid,2026-08-04T22:00:00
52723,184,103,2026-08-04,1,1350.87,1350.87,paid,2026-08-04T08:51:00
52724,63,102,2026-08-04,2,818.27,1636.54,paid,2026-08-04T20:21:00
52725,86,104,2026-08-04,1,916.77,916.77,paid,2026-08-04T19:45:00
52726,54,102,2026-08-04,1,877.27,877.27,paid,2026-08-04T08:35:00
52727,274,103,2026-08-04,1,1378.98,1378.98,paid,2026-08-04T17:39:00
52728,49,105,2026-08-04,1,525.9,525.9,paid,2026-08-04T09:45:00
52729,207,101,2026-08-04,3,1116.46,3349.38,paid,2026-08-04T16:05:00
52730,230,101,2026-08-04,1,1109.71,1109.71,paid,2026-08-04T15:05:00
52731,246,102,2026-08-04,2,895.26,1790.52,paid,2026-08-04T09:40:00
52732,366,103,2026-08-04,1,1372.15,1372.15,paid,2026-08-04T20:09:00
52733,41,103,2026-08-04,2,1458.04,2916.08,paid,2026-08-04T09:08:00
52734,43,102,2026-08-04,1,733.71,733.71,paid,2026-08-04T19:58:00
52735,283,102,2026-08-04,1,885.68,885.68,paid,2026-08-04T08:09:00
52736,325,104,2026-08-04,2,1126.81,2253.62,paid,2026-08-04T11:57:00
52737,186,104,2026-08-04,1,1140.84,1140.84,paid,2026-08-04T16:32:00
52738,337,105,2026-08-04,1,511.25,511.25,paid,2026-08-04T22:19:00
52739,372,103,2026-08-04,1,1524.65,1524.65,paid,2026-08-04T19:32:00
52740,297,101,2026-08-04,2,1050.65,2101.3,paid,2026-08-04T17:42:00
52741,397,103,2026-08-04,2,1418.18,2836.36,refunded,2026-08-04T15:44:00
52742,337,103,2026-08-05,2,1526.58,3053.16,paid,2026-08-05T15:49:00
52743,303,105,2026-08-05,2,569.98,1139.96,paid,2026-08-05T17:59:00
52744,167,101,2026-08-05,3,1078.88,3236.64,paid,2026-08-05T19:42:00
52745,72,101,2026-08-05,5,1247.11,6235.55,paid,2026-08-05T21:26:00
52746,36,102,2026-08-05,1,882.53,882.53,refunded,2026-08-05T12:12:00
52747,264,105,2026-08-05,3,513.5,1540.5,paid,2026-08-05T20:36:00
52748,131,102,2026-08-05,4,846.64,3386.56,paid,2026-08-05T19:53:00
52749,255,105,2026-08-05,2,562.01,1124.02,paid,2026-08-05T10:43:00
52750,44,103,2026-08-05,3,1217.52,3652.56,paid,2026-08-05T18:33:00
52751,30,103,2026-08-05,1,1301.95,1301.95,paid,2026-08-05T14:16:00
52752,156,101,2026-08-05,2,1182.83,2365.66,paid,2026-08-05T11:33:00
52753,61,101,2026-08-05,2,1089.83,2179.66,paid,2026-08-05T16:22:00
52754,304,105,2026-08-05,3,500.39,1501.17,paid,2026-08-05T08:56:00
52755,228,102,2026-08-05,1,859.73,859.73,paid,2026-08-05T17:03:00
52756,211,101,2026-08-05,1,1242.01,1242.01,paid,2026-08-05T19:12:00
52757,372,101,2026-08-05,2,1011.99,2023.98,paid,2026-08-05T18:47:00
52758,120,105,2026-08-05,1,526.48,526.48,paid,2026-08-05T12:52:00
52759,343,103,2026-08-05,1,1317.01,1317.01,paid,2026-08-05T20:50:00
52760,165,103,2026-08-05,3,1273.29,3819.87,paid,2026-08-05T10:13:00
52761,241,103,2026-08-05,2,1192.45,2384.9,paid,2026-08-05T21:53:00
52762,243,104,2026-08-05,4,1014.13,4056.52,paid,2026-08-05T21:12:00
52763,399,103,2026-08-05,1,1451.74,1451.74,paid,2026-08-05T15:39:00
52764,138,104,2026-08-05,1,906.73,906.73,paid,2026-08-05T18:58:00
52765,339,102,2026-08-05,1,868.12,868.12,paid,2026-08-05T14:15:00
52766,290,104,2026-08-05,4,1007.8,4031.2,paid,2026-08-05T13:11:00
52767,350,101,2026-08-05,2,1136.97,2273.94,paid,2026-08-05T20:16:00
52768,151,103,2026-08-05,1,1476.38,1476.38,paid,2026-08-05T14:59:00
52769,79,103,2026-08-05,5,1378.94,6894.7,paid,2026-08-05T22:52:00
52770,347,101,2026-08-05,1,1223.1,1223.1,paid,2026-08-05T18:05:00
52771,314,104,2026-08-05,2,916.72,1833.44,paid,2026-08-05T13:35:00
52772,157,103,2026-08-05,1,1297.88,1297.88,paid,2026-08-05T22:58:00
52773,16,104,2026-08-05,5,921.19,4605.95,paid,2026-08-05T08:29:00
52774,338,105,2026-08-05,1,560.39,560.39,paid,2026-08-05T22:43:00
52775,337,102,2026-08-05,2,758.36,1516.72,paid,2026-08-05T13:12:00
52776,279,102,2026-08-05,1,794.62,794.62,paid,2026-08-05T21:48:00
52777,256,103,2026-08-05,1,1456.16,1456.16,paid,2026-08-05T12:03:00
52778,325,104,2026-08-05,1,1046.47,1046.47,paid,2026-08-05T15:57:00
52779,397,105,2026-08-05,1,499.21,499.21,paid,2026-08-05T18:43:00
52780,316,103,2026-08-06,1,1218.45,1218.45,paid,2026-08-06T08:58:00
52781,112,104,2026-08-06,2,1017.66,2035.32,paid,2026-08-06T09:26:00
52782,169,102,2026-08-06,2,819.65,1639.3,paid,2026-08-06T15:23:00
52783,396,103,2026-08-06,1,1523.39,1523.39,paid,2026-08-06T08:21:00
52784,233,102,2026-08-06,1,804.13,804.13,paid,2026-08-06T09:33:00
52785,348,102,2026-08-06,5,755.5,3777.5,paid,2026-08-06T14:55:00
52786,166,102,2026-08-06,1,894.5,894.5,paid,2026-08-06T10:50:00
52787,89,105,2026-08-06,2,539.21,1078.42,paid,2026-08-06T08:03:00
52788,26,102,2026-08-06,3,773.56,2320.68,paid,2026-08-06T17:55:00
52789,273,104,2026-08-06,1,1075.48,1075.48,paid,2026-08-06T10:38:00
52790,57,105,2026-08-06,2,603.8,1207.6,paid,2026-08-06T12:28:00
52791,143,102,2026-08-06,1,823.37,823.37,paid,2026-08-06T21:34:00
52792,89,101,2026-08-06,1,996.79,996.79,paid,2026-08-06T17:50:00
52793,28,101,2026-08-06,1,999.9,999.9,paid,2026-08-06T14:27:00
52794,311,104,2026-08-06,1,1052.31,1052.31,refunded,2026-08-06T22:19:00
52795,18,101,2026-08-06,1,1247.88,1247.88,paid,2026-08-06T09:05:00
52796,7,102,2026-08-06,1,887.53,887.53,paid,2026-08-06T19:58:00
52797,386,103,2026-08-06,5,1221.91,6109.55,refunded,2026-08-06T20:13:00
52798,229,104,2026-08-06,2,1041.2,2082.4,paid,2026-08-06T09:01:00
52799,354,103,2026-08-06,2,1378.3,2756.6,paid,2026-08-06T14:02:00
52800,296,102,2026-08-06,3,751.93,2255.79,paid,2026-08-06T16:25:00
52801,314,104,2026-08-06,2,952.88,1905.76,paid,2026-08-06T09:59:00
52802,140,103,2026-08-06,1,1370.86,1370.86,paid,2026-08-06T11:27:00
52803,245,103,2026-08-06,1,1370.91,1370.91,paid,2026-08-06T16:40:00
52804,119,102,2026-08-06,2,789.93,1579.86,paid,2026-08-06T08:14:00
52805,30,104,2026-08-06,4,1165.98,4663.92,paid,2026-08-06T09:59:00
52806,156,103,2026-08-06,2,1489.37,2978.74,paid,2026-08-06T08:08:00
52807,365,101,2026-08-06,1,1041.13,1041.13,paid,2026-08-06T18:47:00
52808,48,103,2026-08-06,1,1376.67,1376.67,paid,2026-08-06T22:16:00
52809,98,105,2026-08-06,1,554.26,554.26,paid,2026-08-06T19:53:00
52810,372,103,2026-08-06,2,1303.46,2606.92,paid,2026-08-06T10:28:00
52811,59,105,2026-08-06,5,560.02,2800.1,paid,2026-08-06T08:41:00
52812,15,105,2026-08-07,1,595.5,595.5,paid,2026-08-07T17:41:00
52813,177,102,2026-08-07,2,899.78,1799.56,paid,2026-08-07T21:35:00
52814,380,103,2026-08-07,1,1258.26,1258.26,paid,2026-08-07T19:25:00
52815,166,102,2026-08-07,1,821.48,821.48,paid,2026-08-07T21:00:00
52816,199,101,2026-08-07,2,1152.0,2304.0,paid,2026-08-07T18:49:00
52817,55,101,2026-08-07,1,1126.55,1126.55,paid,2026-08-07T16:06:00
52818,205,103,2026-08-07,1,1399.46,1399.46,paid,2026-08-07T16:28:00
52819,264,103,2026-08-07,1,1469.19,1469.19,paid,2026-08-07T11:39:00
52820,338,102,2026-08-07,3,816.88,2450.64,paid,2026-08-07T10:49:00
52821,350,102,2026-08-07,1,706.21,706.21,paid,2026-08-07T13:36:00
52822,276,102,2026-08-07,2,721.88,1443.76,paid,2026-08-07T13:59:00
52823,121,104,2026-08-07,2,1142.4,2284.8,paid,2026-08-07T12:40:00
52824,172,103,2026-08-07,1,1291.46,1291.46,paid,2026-08-07T19:47:00
52825,204,104,2026-08-07,1,989.86,989.86,paid,2026-08-07T13:52:00
52826,86,104,2026-08-07,1,1084.72,1084.72,paid,2026-08-07T12:04:00
52827,193,103,2026-08-07,2,1288.0,2576.0,paid,2026-08-07T19:45:00
52828,15,102,2026-08-07,3,850.8,2552.4,paid,2026-08-07T14:09:00
52829,331,105,2026-08-07,1,516.21,516.21,paid,2026-08-07T12:30:00
52830,175,105,2026-08-07,1,532.49,532.49,paid,2026-08-07T10:06:00
52831,22,101,2026-08-07,2,1034.41,2068.82,paid,2026-08-07T16:24:00
52832,123,103,2026-08-07,1,1289.76,1289.76,paid,2026-08-07T18:21:00
52833,239,104,2026-08-07,2,985.21,1970.42,paid,2026-08-07T20:49:00
52834,93,105,2026-08-07,2,609.48,1218.96,paid,2026-08-07T16:56:00
52835,278,104,2026-08-07,1,1152.92,1152.92,paid,2026-08-07T12:18:00
52836,104,102,2026-08-07,1,771.27,771.27,paid,2026-08-07T17:30:00
52837,400,104,2026-08-07,2,916.44,1832.88,paid,2026-08-07T10:56:00
52838,109,103,2026-08-07,1,1332.59,1332.59,paid,2026-08-07T15:42:00
52839,278,105,2026-08-07,1,612.93,612.93,paid,2026-08-07T08:53:00
52840,7,104,2026-08-07,2,931.35,1862.7,paid,2026-08-07T11:59:00
52841,227,104,2026-08-07,2,977.45,1954.9,paid,2026-08-07T09:24:00
52842,246,102,2026-08-08,1,886.7,886.7,paid,2026-08-08T14:10:00
52843,43,101,2026-08-08,1,1122.89,1122.89,paid,2026-08-08T08:28:00
52844,282,103,2026-08-08,1,1381.2,1381.2,paid,2026-08-08T10:11:00
52845,149,105,2026-08-08,1,578.26,578.26,paid,2026-08-08T16:19:00
52846,331,103,2026-08-08,3,1294.6,3883.8,paid,2026-08-08T10:21:00
52847,123,102,2026-08-08,1,720.71,720.71,paid,2026-08-08T18:12:00
52848,283,105,2026-08-08,2,503.42,1006.84,paid,2026-08-08T08:33:00
52849,110,102,2026-08-08,1,766.21,766.21,paid,2026-08-08T20:43:00
52850,180,103,2026-08-08,2,1437.74,2875.48,paid,2026-08-08T22:30:00
52851,393,102,2026-08-08,2,767.7,1535.4,refunded,2026-08-08T20:32:00
52852,235,102,2026-08-08,1,749.67,749.67,paid,2026-08-08T11:14:00
52853,377,103,2026-08-08,1,1374.22,1374.22,paid,2026-08-08T11:44:00
52854,6,103,2026-08-08,3,1247.42,3742.26,paid,2026-08-08T08:19:00
52855,323,101,2026-08-08,2,1202.8,2405.6,refunded,2026-08-08T18:39:00
52856,299,101,2026-08-08,1,1000.69,1000.69,paid,2026-08-08T13:37:00
52857,81,102,2026-08-08,5,736.79,3683.95,paid,2026-08-08T20:38:00
52858,143,105,2026-08-08,1,581.15,581.15,paid,2026-08-08T14:28:00
52859,288,105,2026-08-08,1,543.27,543.27,paid,2026-08-08T15:04:00
52860,231,102,2026-08-08,1,822.71,822.71,paid,2026-08-08T19:36:00
52861,325,101,2026-08-08,2,990.18,1980.36,paid,2026-08-08T18:21:00
52862,188,105,2026-08-08,3,568.53,1705.59,paid,2026-08-08T11:54:00
52863,239,104,2026-08-08,1,1093.4,1093.4,paid,2026-08-08T10:58:00
52864,147,102,2026-08-08,2,815.22,1630.44,paid,2026-08-08T10:03:00
52865,73,105,2026-08-09,1,524.25,524.25,paid,2026-08-09T17:15:00
52866,23,105,2026-08-09,1,528.11,528.11,paid,2026-08-09T16:00:00
52867,384,103,2026-08-09,1,1429.42,1429.42,paid,2026-08-09T14:37:00
52868,81,105,2026-08-09,1,530.92,530.92,paid,2026-08-09T09:18:00
52869,310,101,2026-08-09,3,1010.0,3030.0,paid,2026-08-09T19:14:00
52870,146,103,2026-08-09,4,1275.45,5101.8,paid,2026-08-09T10:04:00
52871,386,105,2026-08-09,3,521.92,1565.76,paid,2026-08-09T11:03:00
52872,355,103,2026-08-09,1,1344.38,1344.38,paid,2026-08-09T16:05:00
52873,346,104,2026-08-09,1,918.09,918.09,paid,2026-08-09T18:35:00
52874,63,103,2026-08-09,1,1213.56,1213.56,paid,2026-08-09T13:59:00
52875,400,103,2026-08-09,1,1251.23,1251.23,paid,2026-08-09T15:50:00
52876,129,102,2026-08-09,1,778.54,778.54,paid,2026-08-09T08:14:00
52877,138,101,2026-08-09,4,991.03,3964.12,paid,2026-08-09T15:40:00
52878,163,102,2026-08-09,2,818.88,1637.76,paid,2026-08-09T12:59:00
52879,191,102,2026-08-09,1,891.54,891.54,paid,2026-08-09T16:56:00
52880,349,103,2026-08-09,1,1374.72,1374.72,paid,2026-08-09T10:36:00
52881,388,104,2026-08-09,2,1159.11,2318.22,paid,2026-08-09T14:39:00
52882,54,104,2026-08-09,2,1039.05,2078.1,paid,2026-08-09T15:39:00
52883,183,102,2026-08-09,1,739.42,739.42,paid,2026-08-09T14:04:00
52884,119,103,2026-08-09,1,1254.06,1254.06,paid,2026-08-09T15:11:00
52885,326,101,2026-08-09,2,1066.51,2133.02,refunded,2026-08-09T22:12:00
52886,295,104,2026-08-09,2,1020.61,2041.22,paid,2026-08-09T21:21:00
52887,396,102,2026-08-09,1,726.28,726.28,paid,2026-08-09T13:22:00
52888,168,103,2026-08-09,1,1437.65,1437.65,paid,2026-08-09T11:32:00
52889,366,105,2026-08-09,5,613.24,3066.2,paid,2026-08-09T15:19:00
52890,82,103,2026-08-09,2,1268.44,2536.88,paid,2026-08-09T08:21:00
52891,350,102,2026-08-09,1,726.2,726.2,paid,2026-08-09T14:07:00
52892,231,105,2026-08-09,1,529.58,529.58,paid,2026-08-09T14:07:00
52893,247,103,2026-08-09,1,1394.47,1394.47,paid,2026-08-09T20:32:00
52894,288,104,2026-08-09,1,1039.72,1039.72,paid,2026-08-09T11:41:00
52895,234,103,2026-08-09,3,1221.88,3665.64,paid,2026-08-09T22:58:00
52896,272,104,2026-08-09,2,990.54,1981.08,paid,2026-08-09T10:17:00
52897,167,103,2026-08-09,1,1369.69,1369.69,paid,2026-08-09T19:01:00
52898,160,102,2026-08-09,2,825.33,1650.66,paid,2026-08-09T22:43:00
52899,383,102,2026-08-09,1,815.78,815.78,paid,2026-08-09T13:25:00
52900,180,102,2026-08-09,1,728.22,728.22,paid,2026-08-09T22:03:00
52901,295,103,2026-08-10,5,1209.06,6045.3,paid,2026-08-10T22:28:00
52902,76,105,2026-08-10,1,532.27,532.27,paid,2026-08-10T22:34:00
52903,64,104,2026-08-10,1,1133.33,1133.33,paid,2026-08-10T22:16:00
52904,184,103,2026-08-10,1,1245.06,1245.06,paid,2026-08-10T08:34:00
52905,162,103,2026-08-10,2,1284.63,2569.26,paid,2026-08-10T12:05:00
52906,75,103,2026-08-10,4,1334.02,5336.08,paid,2026-08-10T19:28:00
52907,337,101,2026-08-10,2,1078.74,2157.48,paid,2026-08-10T14:54:00
52908,181,102,2026-08-10,3,709.28,2127.84,paid,2026-08-10T17:32:00
52909,284,104,2026-08-10,2,990.34,1980.68,paid,2026-08-10T14:11:00
52910,120,105,2026-08-10,1,532.86,532.86,paid,2026-08-10T19:31:00
52911,384,104,2026-08-10,1,906.27,906.27,paid,2026-08-10T14:44:00
52912,113,105,2026-08-10,2,500.32,1000.64,paid,2026-08-10T18:37:00
52913,146,105,2026-08-10,1,577.06,577.06,paid,2026-08-10T09:07:00
52914,14,101,2026-08-10,3,1005.04,3015.12,paid,2026-08-10T09:56:00
52915,186,103,2026-08-10,1,1219.52,1219.52,paid,2026-08-10T08:40:00
52916,333,101,2026-08-10,1,1087.16,1087.16,paid,2026-08-10T09:19:00
52917,381,104,2026-08-10,1,978.49,978.49,paid,2026-08-10T14:14:00
52918,221,104,2026-08-10,4,1138.94,4555.76,paid,2026-08-10T08:45:00
52919,327,104,2026-08-10,1,1023.54,1023.54,paid,2026-08-10T22:58:00
52920,219,104,2026-08-10,1,1024.19,1024.19,paid,2026-08-10T12:53:00
52921,97,105,2026-08-10,1,553.12,553.12,paid,2026-08-10T16:03:00
52922,360,104,2026-08-10,2,984.79,1969.58,paid,2026-08-10T19:02:00
52923,206,104,2026-08-10,1,1106.01,1106.01,paid,2026-08-10T17:34:00
52924,180,103,2026-08-10,2,1401.02,2802.04,paid,2026-08-10T11:53:00
52925,305,101,2026-08-10,1,1018.11,1018.11,paid,2026-08-10T09:02:00
52926,177,103,2026-08-10,1,1386.39,1386.39,paid,2026-08-10T13:22:00
52927,252,103,2026-08-10,4,1400.46,5601.84,paid,2026-08-10T14:35:00
52928,338,104,2026-08-10,1,1085.85,1085.85,refunded,2026-08-10T14:06:00
52929,316,103,2026-08-10,4,1351.89,5407.56,paid,2026-08-10T19:39:00
52930,291,104,2026-08-10,1,1055.76,1055.76,paid,2026-08-10T21:42:00
52931,272,102,2026-08-10,1,896.89,896.89,paid,2026-08-10T11:08:00
52932,83,105,2026-08-10,2,604.93,1209.86,paid,2026-08-10T19:41:00
52933,232,104,2026-08-10,3,985.29,2955.87,paid,2026-08-10T21:11:00
52934,308,103,2026-08-10,1,1362.54,1362.54,refunded,2026-08-10T18:37:00
52935,54,105,2026-08-10,1,509.21,509.21,paid,2026-08-10T20:30:00
52936,190,102,2026-08-10,1,824.8,824.8,paid,2026-08-10T20:48:00
52937,20,103,2026-08-10,1,1307.25,1307.25,paid,2026-08-10T18:26:00
52938,374,103,2026-08-10,4,1431.18,5724.72,paid,2026-08-10T08:55:00
52939,192,102,2026-08-10,2,722.47,1444.94,paid,2026-08-10T10:00:00
52940,146,105,2026-08-11,1,505.41,505.41,paid,2026-08-11T09:18:00
52941,337,103,2026-08-11,4,1353.39,5413.56,paid,2026-08-11T12:01:00
52942,128,101,2026-08-11,1,1261.62,1261.62,paid,2026-08-11T14:36:00
52943,275,104,2026-08-11,1,1147.15,1147.15,paid,2026-08-11T11:42:00
52944,214,104,2026-08-11,1,1032.51,1032.51,paid,2026-08-11T09:49:00
52945,172,101,2026-08-11,2,1181.37,2362.74,paid,2026-08-11T11:50:00
52946,232,105,2026-08-11,1,531.96,531.96,paid,2026-08-11T19:54:00
52947,269,105,2026-08-11,1,587.82,587.82,refunded,2026-08-11T16:47:00
52948,26,103,2026-08-11,2,1439.52,2879.04,paid,2026-08-11T15:39:00
52949,332,103,2026-08-11,1,1315.61,1315.61,paid,2026-08-11T17:44:00
52950,266,103,2026-08-11,4,1279.92,5119.68,paid,2026-08-11T13:28:00
52951,326,101,2026-08-11,1,1232.24,1232.24,paid,2026-08-11T11:22:00
52952,357,103,2026-08-11,2,1435.55,2871.1,paid,2026-08-11T13:14:00
52953,6,105,2026-08-11,2,595.87,1191.74,paid,2026-08-11T10:20:00
52954,19,101,2026-08-11,1,1198.78,1198.78,refunded,2026-08-11T08:01:00
52955,41,101,2026-08-11,1,1060.97,1060.97,paid,2026-08-11T09:30:00
52956,290,104,2026-08-11,1,1029.85,1029.85,paid,2026-08-11T14:34:00
52957,159,102,2026-08-11,3,825.28,2475.84,paid,2026-08-11T11:30:00
52958,245,103,2026-08-11,1,1260.94,1260.94,paid,2026-08-11T18:56:00
52959,136,105,2026-08-11,1,512.45,512.45,paid,2026-08-11T08:19:00
52960,33,104,2026-08-11,2,1083.59,2167.18,refunded,2026-08-11T22:41:00
52961,224,103,2026-08-11,3,1452.59,4357.77,paid,2026-08-11T11:28:00
52962,157,102,2026-08-11,2,773.96,1547.92,paid,2026-08-11T18:55:00
52963,151,104,2026-08-11,1,1019.4,1019.4,paid,2026-08-11T09:58:00
52964,231,103,2026-08-11,1,1426.64,1426.64,paid,2026-08-11T13:54:00
52965,253,103,2026-08-11,2,1215.44,2430.88,paid,2026-08-11T19:28:00
52966,337,102,2026-08-11,4,894.02,3576.08,paid,2026-08-11T19:32:00
52967,325,103,2026-08-11,1,1330.67,1330.67,paid,2026-08-11T18:22:00
52968,186,102,2026-08-11,1,818.03,818.03,paid,2026-08-11T12:08:00
52969,45,105,2026-08-11,1,622.57,622.57,paid,2026-08-11T11:14:00
52970,33,105,2026-08-11,2,498.01,996.02,refunded,2026-08-11T20:02:00
52971,167,102,2026-08-12,1,861.04,861.04,paid,2026-08-12T15:45:00
52972,211,102,2026-08-12,1,746.68,746.68,paid,2026-08-12T09:23:00
52973,174,104,2026-08-12,4,1060.08,4240.32,paid,2026-08-12T11:44:00
52974,324,101,2026-08-12,1,1126.9,1126.9,paid,2026-08-12T12:57:00
52975,398,103,2026-08-12,2,1523.57,3047.14,paid,2026-08-12T20:03:00
52976,4,103,2026-08-12,2,1207.8,2415.6,paid,2026-08-12T20:40:00
52977,16,105,2026-08-12,1,497.32,497.32,paid,2026-08-12T20:40:00
52978,233,103,2026-08-12,1,1279.9,1279.9,paid,2026-08-12T18:15:00
52979,199,105,2026-08-12,1,573.33,573.33,paid,2026-08-12T15:49:00
52980,137,103,2026-08-12,2,1303.62,2607.24,paid,2026-08-12T08:40:00
52981,21,103,2026-08-12,1,1225.17,1225.17,paid,2026-08-12T13:27:00
52982,368,102,2026-08-12,1,755.0,755.0,paid,2026-08-12T11:52:00
52983,52,103,2026-08-12,1,1467.44,1467.44,refunded,2026-08-12T14:14:00
52984,316,103,2026-08-12,1,1320.03,1320.03,paid,2026-08-12T13:10:00
52985,262,102,2026-08-12,3,810.76,2432.28,paid,2026-08-12T12:51:00
52986,246,103,2026-08-12,1,1531.23,1531.23,paid,2026-08-12T11:58:00
52987,365,103,2026-08-12,3,1206.29,3618.87,paid,2026-08-12T10:39:00
52988,179,105,2026-08-12,2,537.3,1074.6,refunded,2026-08-12T21:50:00
52989,255,101,2026-08-12,3,1193.88,3581.64,paid,2026-08-12T14:11:00
52990,87,103,2026-08-12,5,1481.4,7407.0,paid,2026-08-12T19:57:00
52991,20,105,2026-08-12,1,582.84,582.84,paid,2026-08-12T11:33:00
52992,309,105,2026-08-13,2,589.1,1178.2,paid,2026-08-13T22:09:00
52993,391,104,2026-08-13,1,948.74,948.74,paid,2026-08-13T22:46:00
52994,100,104,2026-08-13,1,1155.73,1155.73,paid,2026-08-13T22:25:00
52995,218,103,2026-08-13,2,1232.59,2465.18,paid,2026-08-13T11:41:00
52996,397,105,2026-08-13,1,532.26,532.26,paid,2026-08-13T19:00:00
52997,186,101,2026-08-13,1,1018.32,1018.32,paid,2026-08-13T11:49:00
52998,241,103,2026-08-13,1,1383.83,1383.83,refunded,2026-08-13T11:30:00
52999,341,101,2026-08-13,2,1157.27,2314.54,paid,2026-08-13T14:37:00
53000,46,105,2026-08-13,3,527.33,1581.99,paid,2026-08-13T18:24:00
53001,133,101,2026-08-13,1,1109.62,1109.62,paid,2026-08-13T12:55:00
53002,114,101,2026-08-13,1,1014.12,1014.12,paid,2026-08-13T19:35:00
53003,336,101,2026-08-13,1,1012.11,1012.11,paid,2026-08-13T11:53:00
53004,282,105,2026-08-13,2,508.32,1016.64,paid,2026-08-13T22:12:00
53005,398,105,2026-08-13,1,545.08,545.08,paid,2026-08-13T14:28:00
53006,134,104,2026-08-13,2,928.54,1857.08,paid,2026-08-13T21:59:00
53007,310,102,2026-08-13,1,899.61,899.61,paid,2026-08-13T15:44:00
53008,273,103,2026-08-13,2,1266.06,2532.12,paid,2026-08-13T22:54:00
53009,59,103,2026-08-13,1,1270.9,1270.9,paid,2026-08-13T19:03:00
53010,214,103,2026-08-13,2,1255.96,2511.92,paid,2026-08-13T21:55:00
53011,21,104,2026-08-13,1,924.83,924.83,paid,2026-08-13T13:53:00
53012,281,104,2026-08-13,2,977.9,1955.8,paid,2026-08-13T11:43:00
53013,205,101,2026-08-13,1,1227.67,1227.67,paid,2026-08-13T20:48:00
53014,60,104,2026-08-13,1,1029.73,1029.73,paid,2026-08-13T17:33:00
53015,211,101,2026-08-13,2,1140.01,2280.02,paid,2026-08-13T16:10:00
53016,389,103,2026-08-13,3,1302.02,3906.06,paid,2026-08-13T13:57:00
53017,84,104,2026-08-13,1,953.31,953.31,paid,2026-08-13T18:14:00
53018,227,103,2026-08-13,3,1443.11,4329.33,paid,2026-08-13T20:03:00
53019,100,103,2026-08-13,2,1428.32,2856.64,paid,2026-08-13T13:20:00
53020,230,103,2026-08-14,1,1372.42,1372.42,paid,2026-08-14T16:03:00
53021,171,102,2026-08-14,2,818.13,1636.26,paid,2026-08-14T16:52:00
53022,104,105,2026-08-14,1,569.04,569.04,paid,2026-08-14T18:35:00
53023,372,103,2026-08-14,2,1299.73,2599.46,paid,2026-08-14T20:18:00
53024,381,102,2026-08-14,1,748.18,748.18,paid,2026-08-14T08:28:00
53025,140,101,2026-08-14,1,1096.01,1096.01,paid,2026-08-14T18:49:00
53026,267,104,2026-08-14,1,1134.68,1134.68,paid,2026-08-14T17:40:00
53027,294,105,2026-08-14,1,629.26,629.26,paid,2026-08-14T12:14:00
53028,241,102,2026-08-14,1,887.16,887.16,paid,2026-08-14T20:42:00
53029,84,104,2026-08-14,1,1064.48,1064.48,paid,2026-08-14T21:20:00
53030,85,101,2026-08-14,1,1186.04,1186.04,paid,2026-08-14T09:40:00
53031,31,105,2026-08-14,1,570.64,570.64,paid,2026-08-14T19:03:00
53032,387,101,2026-08-14,1,1056.83,1056.83,refunded,2026-08-14T22:53:00
53033,229,104,2026-08-14,1,1113.21,1113.21,paid,2026-08-14T14:23:00
53034,80,104,2026-08-14,1,1135.17,1135.17,paid,2026-08-14T18:33:00
53035,149,101,2026-08-14,2,1116.13,2232.26,paid,2026-08-14T18:05:00
53036,94,101,2026-08-14,2,1195.69,2391.38,paid,2026-08-14T21:49:00
53037,354,105,2026-08-14,2,549.2,1098.4,paid,2026-08-14T11:21:00
53038,90,103,2026-08-14,5,1448.7,7243.5,paid,2026-08-14T20:50:00
53039,167,101,2026-08-15,1,1127.33,1127.33,paid,2026-08-15T21:23:00
53040,239,104,2026-08-15,1,1120.16,1120.16,paid,2026-08-15T11:57:00
53041,73,102,2026-08-15,1,869.25,869.25,paid,2026-08-15T17:24:00
53042,372,105,2026-08-15,1,569.19,569.19,paid,2026-08-15T08:06:00
53043,14,103,2026-08-15,4,1335.68,5342.72,paid,2026-08-15T22:56:00
53044,84,101,2026-08-15,2,1108.89,2217.78,refunded,2026-08-15T18:38:00
53045,365,104,2026-08-15,2,949.33,1898.66,paid,2026-08-15T08:43:00
53046,259,104,2026-08-15,2,974.52,1949.04,paid,2026-08-15T19:06:00
53047,69,103,2026-08-15,1,1480.71,1480.71,paid,2026-08-15T16:41:00
53048,222,102,2026-08-15,1,699.26,699.26,paid,2026-08-15T13:01:00
53049,320,104,2026-08-15,1,1009.83,1009.83,paid,2026-08-15T13:28:00
53050,291,102,2026-08-15,1,889.05,889.05,paid,2026-08-15T13:02:00
53051,170,105,2026-08-15,1,547.75,547.75,paid,2026-08-15T18:09:00
53052,369,105,2026-08-15,1,521.54,521.54,paid,2026-08-15T13:34:00
53053,382,103,2026-08-15,2,1461.66,2923.32,paid,2026-08-15T20:27:00
53054,209,104,2026-08-15,2,1031.61,2063.22,paid,2026-08-15T09:39:00
53055,157,105,2026-08-15,1,552.15,552.15,paid,2026-08-15T11:19:00
53056,277,103,2026-08-15,2,1333.53,2667.06,paid,2026-08-15T19:42:00
53057,1,102,2026-08-15,3,882.97,2648.91,paid,2026-08-15T11:52:00
53058,393,104,2026-08-15,1,941.96,941.96,paid,2026-08-15T15:17:00
53059,185,102,2026-08-15,2,873.49,1746.98,paid,2026-08-15T18:55:00
53060,286,105,2026-08-15,1,599.07,599.07,paid,2026-08-15T11:54:00
53061,310,104,2026-08-15,3,939.43,2818.29,paid,2026-08-15T14:06:00
53062,29,105,2026-08-15,3,532.6,1597.8,paid,2026-08-15T16:10:00
53063,257,101,2026-08-15,2,1259.05,2518.1,paid,2026-08-15T14:44:00
53064,84,102,2026-08-15,1,773.06,773.06,paid,2026-08-15T19:42:00
53065,4,102,2026-08-15,1,843.86,843.86,paid,2026-08-15T20:56:00
53066,351,102,2026-08-15,2,717.08,1434.16,paid,2026-08-15T09:30:00
53067,270,104,2026-08-15,2,1162.95,2325.9,paid,2026-08-15T13:51:00
53068,164,105,2026-08-15,1,581.94,581.94,paid,2026-08-15T15:11:00
53069,327,102,2026-08-15,1,759.46,759.46,paid,2026-08-15T20:41:00
53070,396,105,2026-08-15,1,518.49,518.49,paid,2026-08-15T12:04:00
53071,151,104,2026-08-15,2,1109.04,2218.08,paid,2026-08-15T19:23:00
53072,101,105,2026-08-15,1,493.42,493.42,paid,2026-08-15T08:26:00
53073,237,104,2026-08-15,3,1029.59,3088.77,paid,2026-08-15T10:25:00
53074,26,105,2026-08-15,1,623.98,623.98,paid,2026-08-15T19:45:00
53075,43,102,2026-08-15,1,768.26,768.26,paid,2026-08-15T10:06:00
53076,398,104,2026-08-15,1,981.59,981.59,paid,2026-08-15T19:05:00
53077,364,103,2026-08-15,2,1189.75,2379.5,paid,2026-08-15T09:45:00
53078,396,103,2026-08-15,1,1228.13,1228.13,paid,2026-08-15T17:29:00
53079,373,104,2026-08-16,1,906.78,906.78,paid,2026-08-16T09:04:00
53080,8,104,2026-08-16,1,1122.36,1122.36,paid,2026-08-16T21:58:00
53081,394,102,2026-08-16,1,709.82,709.82,paid,2026-08-16T14:14:00
53082,123,104,2026-08-16,2,1157.01,2314.02,paid,2026-08-16T14:33:00
53083,318,105,2026-08-16,3,608.42,1825.26,paid,2026-08-16T09:51:00
53084,120,101,2026-08-16,1,1194.67,1194.67,paid,2026-08-16T16:13:00
53085,300,105,2026-08-16,1,635.24,635.24,paid,2026-08-16T12:31:00
53086,309,103,2026-08-16,2,1341.93,2683.86,paid,2026-08-16T19:56:00
53087,292,104,2026-08-16,3,1081.56,3244.68,paid,2026-08-16T15:36:00
53088,381,102,2026-08-16,1,765.6,765.6,paid,2026-08-16T12:57:00
53089,341,104,2026-08-16,1,1054.47,1054.47,paid,2026-08-16T20:21:00
53090,375,104,2026-08-16,3,969.04,2907.12,paid,2026-08-16T10:45:00
53091,90,105,2026-08-16,5,562.78,2813.9,paid,2026-08-16T21:43:00
53092,76,103,2026-08-16,1,1461.46,1461.46,paid,2026-08-16T15:49:00
53093,243,105,2026-08-16,4,515.43,2061.72,paid,2026-08-16T16:50:00
53094,313,101,2026-08-16,2,1212.22,2424.44,paid,2026-08-16T11:02:00
53095,229,105,2026-08-16,2,606.64,1213.28,paid,2026-08-16T09:32:00
53096,8,104,2026-08-16,1,1142.36,1142.36,paid,2026-08-16T16:28:00
53097,133,104,2026-08-16,2,1112.45,2224.9,paid,2026-08-16T08:36:00
53098,170,101,2026-08-16,3,1047.75,3143.25,paid,2026-08-16T22:57:00
53099,162,104,2026-08-16,2,1139.85,2279.7,paid,2026-08-16T21:35:00
53100,135,104,2026-08-16,2,1152.74,2305.48,paid,2026-08-16T19:11:00
53101,136,102,2026-08-16,2,745.6,1491.2,paid,2026-08-16T12:53:00
53102,186,102,2026-08-16,1,805.51,805.51,paid,2026-08-16T14:49:00
53103,269,101,2026-08-16,1,1005.72,1005.72,refunded,2026-08-16T20:13:00
53104,96,105,2026-08-16,2,608.14,1216.28,paid,2026-08-16T20:28:00
53105,50,101,2026-08-16,1,1101.15,1101.15,paid,2026-08-16T13:53:00
53106,210,104,2026-08-16,1,1003.34,1003.34,paid,2026-08-16T13:50:00
53107,71,104,2026-08-16,1,1008.62,1008.62,paid,2026-08-16T10:10:00
53108,277,102,2026-08-16,3,717.45,2152.35,paid,2026-08-16T08:49:00
53109,279,105,2026-08-16,3,553.3,1659.9,refunded,2026-08-16T15:23:00
53110,275,105,2026-08-16,1,635.93,635.93,paid,2026-08-16T21:31:00
53111,53,102,2026-08-16,2,757.67,1515.34,paid,2026-08-16T13:44:00
53112,82,101,2026-08-16,5,1006.2,5031.0,paid,2026-08-16T20:18:00
53113,133,102,2026-08-16,1,758.19,758.19,paid,2026-08-16T21:21:00
53114,235,102,2026-08-16,1,712.61,712.61,paid,2026-08-16T09:12:00
53115,37,104,2026-08-16,2,1072.25,2144.5,paid,2026-08-16T16:15:00
53116,293,105,2026-08-17,1,634.14,634.14,paid,2026-08-17T09:46:00
53117,28,101,2026-08-17,1,1099.59,1099.59,paid,2026-08-17T18:11:00
53118,139,105,2026-08-17,1,504.52,504.52,paid,2026-08-17T19:27:00
53119,288,101,2026-08-17,1,1126.69,1126.69,paid,2026-08-17T15:15:00
53120,313,105,2026-08-17,1,616.8,616.8,paid,2026-08-17T22:34:00
53121,175,103,2026-08-17,3,1189.18,3567.54,paid,2026-08-17T16:49:00
53122,303,102,2026-08-17,1,894.46,894.46,paid,2026-08-17T20:32:00
53123,213,105,2026-08-17,1,498.75,498.75,paid,2026-08-17T21:50:00
53124,299,104,2026-08-17,4,1105.24,4420.96,paid,2026-08-17T17:13:00
53125,348,105,2026-08-17,3,563.21,1689.63,paid,2026-08-17T18:47:00
53126,338,101,2026-08-17,2,1025.57,2051.14,paid,2026-08-17T20:35:00
53127,240,103,2026-08-17,1,1257.03,1257.03,paid,2026-08-17T21:20:00
53128,51,105,2026-08-17,1,501.55,501.55,paid,2026-08-17T22:46:00
53129,263,102,2026-08-17,1,802.94,802.94,paid,2026-08-17T09:46:00
53130,144,104,2026-08-17,3,1142.18,3426.54,paid,2026-08-17T08:13:00
53131,154,103,2026-08-17,3,1335.35,4006.05,paid,2026-08-17T20:03:00
53132,212,101,2026-08-17,1,1020.56,1020.56,paid,2026-08-17T22:11:00
53133,350,102,2026-08-17,2,829.84,1659.68,paid,2026-08-17T18:18:00
53134,15,105,2026-08-18,5,585.25,2926.25,paid,2026-08-18T22:05:00
53135,208,104,2026-08-18,1,1073.86,1073.86,paid,2026-08-18T14:03:00
53136,29,103,2026-08-18,4,1247.0,4988.0,paid,2026-08-18T10:23:00
53137,244,103,2026-08-18,1,1190.95,1190.95,paid,2026-08-18T15:35:00
53138,173,101,2026-08-18,1,1251.49,1251.49,refunded,2026-08-18T13:08:00
53139,247,103,2026-08-18,1,1449.29,1449.29,paid,2026-08-18T17:08:00
53140,124,103,2026-08-18,3,1309.54,3928.62,paid,2026-08-18T11:53:00
53141,72,104,2026-08-18,1,905.87,905.87,paid,2026-08-18T11:06:00
53142,53,105,2026-08-18,1,506.57,506.57,paid,2026-08-18T14:06:00
53143,373,103,2026-08-18,1,1440.29,1440.29,paid,2026-08-18T14:45:00
53144,317,103,2026-08-18,5,1199.22,5996.1,paid,2026-08-18T09:16:00
53145,133,105,2026-08-18,1,513.01,513.01,paid,2026-08-18T18:46:00
53146,299,104,2026-08-18,3,1091.92,3275.76,paid,2026-08-18T20:35:00
53147,264,103,2026-08-18,1,1488.47,1488.47,paid,2026-08-18T17:19:00
53148,398,105,2026-08-18,2,584.42,1168.84,paid,2026-08-18T20:04:00
53149,154,105,2026-08-18,1,621.45,621.45,paid,2026-08-18T16:17:00
53150,175,101,2026-08-18,1,1026.2,1026.2,paid,2026-08-18T20:44:00
53151,223,102,2026-08-18,1,890.29,890.29,refunded,2026-08-18T18:42:00
53152,348,102,2026-08-18,1,792.02,792.02,paid,2026-08-18T18:24:00
53153,118,101,2026-08-18,2,984.52,1969.04,paid,2026-08-18T22:19:00
53154,34,104,2026-08-18,3,1164.8,3494.4,paid,2026-08-18T20:25:00
53155,386,104,2026-08-18,4,936.67,3746.68,paid,2026-08-18T22:12:00
53156,209,105,2026-08-18,1,600.72,600.72,paid,2026-08-18T20:23:00
53157,29,102,2026-08-18,3,719.86,2159.58,paid,2026-08-18T19:24:00
53158,266,105,2026-08-18,1,557.35,557.35,paid,2026-08-18T15:56:00
53159,277,102,2026-08-18,1,884.5,884.5,paid,2026-08-18T10:20:00
53160,239,103,2026-08-18,1,1422.0,1422.0,paid,2026-08-18T08:49:00
53161,175,105,2026-08-18,2,518.25,1036.5,paid,2026-08-18T09:53:00
53162,199,101,2026-08-18,1,1113.51,1113.51,paid,2026-08-18T20:13:00
53163,141,105,2026-08-19,3,527.34,1582.02,refunded,2026-08-19T15:48:00
53164,126,103,2026-08-19,2,1239.1,2478.2,paid,2026-08-19T08:22:00
53165,184,101,2026-08-19,3,1240.55,3721.65,paid,2026-08-19T10:53:00
53166,240,104,2026-08-19,1,1097.67,1097.67,paid,2026-08-19T19:27:00
53167,107,103,2026-08-19,1,1255.2,1255.2,paid,2026-08-19T20:36:00
53168,396,105,2026-08-19,1,600.42,600.42,paid,2026-08-19T18:51:00
53169,75,102,2026-08-19,1,819.83,819.83,paid,2026-08-19T17:53:00
53170,293,102,2026-08-19,5,881.29,4406.45,paid,2026-08-19T08:52:00
53171,136,102,2026-08-19,3,837.62,2512.86,paid,2026-08-19T15:06:00
53172,188,103,2026-08-19,1,1409.92,1409.92,paid,2026-08-19T15:46:00
53173,228,101,2026-08-19,1,1264.91,1264.91,paid,2026-08-19T21:10:00
53174,244,101,2026-08-19,1,1126.84,1126.84,paid,2026-08-19T12:29:00
53175,249,104,2026-08-19,1,992.85,992.85,paid,2026-08-19T15:57:00
53176,51,104,2026-08-19,4,917.27,3669.08,paid,2026-08-19T17:43:00
53177,336,102,2026-08-19,2,898.9,1797.8,refunded,2026-08-19T10:47:00
53178,126,101,2026-08-19,1,1159.5,1159.5,paid,2026-08-19T16:45:00
53179,24,103,2026-08-19,1,1310.06,1310.06,paid,2026-08-19T16:22:00
53180,60,104,2026-08-19,1,1074.78,1074.78,paid,2026-08-19T19:27:00
53181,172,105,2026-08-19,3,511.77,1535.31,paid,2026-08-19T09:00:00
53182,156,104,2026-08-19,1,1083.73,1083.73,paid,2026-08-19T13:36:00
53183,126,105,2026-08-19,1,613.43,613.43,paid,2026-08-19T11:30:00
53184,347,104,2026-08-19,1,1142.84,1142.84,paid,2026-08-19T14:56:00
53185,326,104,2026-08-19,1,1053.42,1053.42,paid,2026-08-19T16:53:00
53186,391,105,2026-08-19,3,517.27,1551.81,paid,2026-08-19T12:24:00
53187,353,105,2026-08-19,2,592.75,1185.5,paid,2026-08-19T12:46:00
53188,228,104,2026-08-19,3,1068.49,3205.47,paid,2026-08-19T10:33:00
53189,114,103,2026-08-19,1,1280.21,1280.21,paid,2026-08-19T17:19:00
53190,190,104,2026-08-20,2,971.45,1942.9,paid,2026-08-20T10:26:00
53191,56,101,2026-08-20,2,1228.32,2456.64,paid,2026-08-20T16:32:00
53192,178,102,2026-08-20,3,737.98,2213.94,refunded,2026-08-20T11:05:00
53193,288,102,2026-08-20,1,796.54,796.54,paid,2026-08-20T14:48:00
53194,213,103,2026-08-20,1,1390.41,1390.41,paid,2026-08-20T08:28:00
53195,135,103,2026-08-20,3,1512.44,4537.32,paid,2026-08-20T22:48:00
53196,324,101,2026-08-20,1,1146.24,1146.24,paid,2026-08-20T17:38:00
53197,291,103,2026-08-20,1,1393.07,1393.07,paid,2026-08-20T15:19:00
53198,212,104,2026-08-20,2,988.09,1976.18,paid,2026-08-20T16:38:00
53199,81,104,2026-08-20,1,986.55,986.55,paid,2026-08-20T15:19:00
53200,30,102,2026-08-20,1,899.33,899.33,paid,2026-08-20T13:59:00
53201,52,101,2026-08-20,3,1074.71,3224.13,paid,2026-08-20T09:52:00
53202,266,104,2026-08-20,2,909.06,1818.12,paid,2026-08-20T10:46:00
53203,100,102,2026-08-20,1,808.62,808.62,paid,2026-08-20T16:41:00
53204,253,102,2026-08-20,1,886.27,886.27,paid,2026-08-20T19:11:00
53205,399,105,2026-08-20,1,612.63,612.63,paid,2026-08-20T15:29:00
53206,17,105,2026-08-20,3,550.59,1651.77,paid,2026-08-20T11:07:00
53207,48,103,2026-08-20,2,1448.05,2896.1,paid,2026-08-20T19:29:00
53208,381,101,2026-08-20,1,1008.07,1008.07,paid,2026-08-20T22:11:00
53209,219,104,2026-08-20,4,1023.23,4092.92,paid,2026-08-20T09:46:00
53210,325,103,2026-08-20,2,1270.93,2541.86,refunded,2026-08-20T15:13:00
53211,2,105,2026-08-20,1,586.31,586.31,paid,2026-08-20T16:37:00
53212,19,105,2026-08-20,4,604.54,2418.16,paid,2026-08-20T16:10:00
53213,227,103,2026-08-20,1,1355.52,1355.52,paid,2026-08-20T18:08:00
53214,173,101,2026-08-20,3,1175.78,3527.34,paid,2026-08-20T09:07:00
53215,303,105,2026-08-20,2,526.9,1053.8,paid,2026-08-20T16:26:00
53216,48,103,2026-08-20,2,1287.35,2574.7,paid,2026-08-20T21:43:00
53217,184,104,2026-08-20,2,973.85,1947.7,paid,2026-08-20T19:15:00
53218,256,105,2026-08-20,3,628.88,1886.64,paid,2026-08-20T20:57:00
53219,153,103,2026-08-20,3,1464.86,4394.58,refunded,2026-08-20T19:36:00
53220,308,105,2026-08-20,1,621.25,621.25,paid,2026-08-20T21:28:00
53221,299,101,2026-08-20,1,1173.17,1173.17,paid,2026-08-20T21:01:00
53222,279,104,2026-08-20,1,1079.31,1079.31,paid,2026-08-20T21:35:00
53223,175,103,2026-08-21,3,1348.07,4044.21,refunded,2026-08-21T17:06:00
53224,66,102,2026-08-21,2,708.85,1417.7,paid,2026-08-21T21:50:00
53225,356,101,2026-08-21,1,1087.46,1087.46,paid,2026-08-21T09:38:00
53226,161,103,2026-08-21,3,1488.82,4466.46,paid,2026-08-21T19:25:00
53227,201,105,2026-08-21,2,529.72,1059.44,paid,2026-08-21T14:46:00
53228,6,104,2026-08-21,1,1126.19,1126.19,paid,2026-08-21T21:50:00
53229,24,101,2026-08-21,3,1201.85,3605.55,paid,2026-08-21T15:46:00
53230,77,104,2026-08-21,1,1141.45,1141.45,paid,2026-08-21T19:26:00
53231,57,105,2026-08-21,1,620.58,620.58,paid,2026-08-21T10:32:00
53232,211,101,2026-08-21,4,1139.41,4557.64,paid,2026-08-21T19:56:00
53233,268,103,2026-08-21,4,1218.57,4874.28,paid,2026-08-21T20:42:00
53234,267,101,2026-08-21,1,1081.1,1081.1,paid,2026-08-21T08:36:00
53235,256,102,2026-08-21,3,786.8,2360.4,paid,2026-08-21T08:27:00
53236,209,104,2026-08-21,1,1153.5,1153.5,paid,2026-08-21T12:09:00
53237,76,104,2026-08-21,4,1033.37,4133.48,paid,2026-08-21T13:32:00
53238,394,105,2026-08-21,3,592.98,1778.94,paid,2026-08-21T12:31:00
53239,44,101,2026-08-21,1,1104.2,1104.2,paid,2026-08-21T16:06:00
53240,97,102,2026-08-21,5,893.17,4465.85,paid,2026-08-21T20:03:00
53241,86,101,2026-08-21,1,1148.12,1148.12,paid,2026-08-21T16:21:00
53242,196,101,2026-08-21,4,1008.83,4035.32,paid,2026-08-21T16:18:00
53243,38,102,2026-08-21,2,815.13,1630.26,paid,2026-08-21T09:53:00
53244,6,104,2026-08-21,3,1014.11,3042.33,paid,2026-08-21T11:26:00
53245,155,102,2026-08-21,1,765.31,765.31,paid,2026-08-21T08:25:00
53246,321,104,2026-08-21,1,949.88,949.88,paid,2026-08-21T19:17:00
53247,268,104,2026-08-22,2,984.61,1969.22,paid,2026-08-22T08:28:00
53248,245,102,2026-08-22,1,705.09,705.09,paid,2026-08-22T08:12:00
53249,362,103,2026-08-22,3,1282.76,3848.28,paid,2026-08-22T21:48:00
53250,13,105,2026-08-22,1,606.56,606.56,paid,2026-08-22T09:50:00
53251,75,102,2026-08-22,5,700.0,3500.0,paid,2026-08-22T09:48:00
53252,154,103,2026-08-22,1,1317.32,1317.32,paid,2026-08-22T12:27:00
53253,245,105,2026-08-22,1,526.96,526.96,paid,2026-08-22T13:40:00
53254,279,101,2026-08-22,2,986.05,1972.1,paid,2026-08-22T19:56:00
53255,167,103,2026-08-22,1,1271.15,1271.15,paid,2026-08-22T09:40:00
53256,300,101,2026-08-22,2,1245.99,2491.98,paid,2026-08-22T22:30:00
53257,86,103,2026-08-22,1,1259.13,1259.13,paid,2026-08-22T18:39:00
53258,149,104,2026-08-22,1,1136.85,1136.85,paid,2026-08-22T09:13:00
53259,233,102,2026-08-22,5,719.42,3597.1,paid,2026-08-22T09:53:00
53260,378,101,2026-08-22,4,1202.33,4809.32,paid,2026-08-22T15:55:00
53261,139,103,2026-08-22,1,1234.25,1234.25,paid,2026-08-22T14:39:00
53262,308,102,2026-08-22,1,720.21,720.21,paid,2026-08-22T11:52:00
53263,126,105,2026-08-22,1,508.59,508.59,paid,2026-08-22T16:02:00
53264,235,104,2026-08-22,1,1148.63,1148.63,paid,2026-08-22T16:08:00
53265,396,102,2026-08-22,2,852.16,1704.32,paid,2026-08-22T16:34:00
53266,317,102,2026-08-22,4,847.11,3388.44,paid,2026-08-22T09:59:00
53267,2,102,2026-08-22,3,871.15,2613.45,paid,2026-08-22T21:49:00
53268,194,102,2026-08-23,4,805.06,3220.24,refunded,2026-08-23T08:32:00
53269,279,101,2026-08-23,2,1223.83,2447.66,paid,2026-08-23T17:19:00
53270,75,103,2026-08-23,2,1494.83,2989.66,paid,2026-08-23T16:32:00
53271,22,101,2026-08-23,2,984.31,1968.62,paid,2026-08-23T13:37:00
53272,61,102,2026-08-23,1,752.55,752.55,paid,2026-08-23T16:18:00
53273,6,103,2026-08-23,1,1250.95,1250.95,paid,2026-08-23T14:55:00
53274,348,101,2026-08-23,2,1188.67,2377.34,paid,2026-08-23T17:33:00
53275,255,104,2026-08-23,1,972.05,972.05,paid,2026-08-23T11:42:00
53276,158,104,2026-08-23,1,991.44,991.44,paid,2026-08-23T22:35:00
53277,208,101,2026-08-23,1,1144.4,1144.4,paid,2026-08-23T21:02:00
53278,235,105,2026-08-23,1,514.73,514.73,paid,2026-08-23T13:26:00
53279,245,104,2026-08-23,1,946.47,946.47,paid,2026-08-23T13:26:00
53280,67,103,2026-08-23,1,1219.06,1219.06,paid,2026-08-23T14:34:00
53281,356,104,2026-08-23,1,1013.66,1013.66,paid,2026-08-23T19:10:00
53282,332,102,2026-08-23,1,833.02,833.02,paid,2026-08-23T19:45:00
53283,303,102,2026-08-23,2,879.96,1759.92,paid,2026-08-23T15:15:00
53284,63,104,2026-08-23,4,1161.21,4644.84,paid,2026-08-23T15:31:00
53285,38,105,2026-08-23,2,631.92,1263.84,paid,2026-08-23T19:20:00
53286,346,103,2026-08-23,2,1200.19,2400.38,paid,2026-08-23T22:37:00
53287,284,105,2026-08-23,1,586.66,586.66,paid,2026-08-23T16:29:00
53288,274,103,2026-08-23,1,1348.34,1348.34,paid,2026-08-23T12:44:00
53289,167,102,2026-08-23,1,774.2,774.2,paid,2026-08-23T19:56:00
53290,362,102,2026-08-23,1,814.22,814.22,paid,2026-08-23T19:18:00
53291,350,105,2026-08-23,4,494.03,1976.12,paid,2026-08-23T15:25:00
53292,224,101,2026-08-23,5,1059.32,5296.6,paid,2026-08-23T12:05:00
53293,336,105,2026-08-23,2,631.18,1262.36,paid,2026-08-23T22:53:00
53294,336,104,2026-08-23,1,999.04,999.04,paid,2026-08-23T17:42:00
53295,165,101,2026-08-23,1,1259.1,1259.1,paid,2026-08-23T22:00:00
53296,100,102,2026-08-23,2,832.16,1664.32,paid,2026-08-23T12:26:00
53297,389,103,2026-08-23,1,1255.4,1255.4,paid,2026-08-23T09:25:00
53298,382,103,2026-08-23,2,1290.64,2581.28,paid,2026-08-23T11:20:00
53299,311,104,2026-08-23,3,913.3,2739.9,paid,2026-08-23T15:29:00
53300,343,103,2026-08-23,2,1328.01,2656.02,paid,2026-08-23T15:42:00
53301,135,103,2026-08-23,3,1523.58,4570.74,paid,2026-08-23T19:54:00
53302,180,101,2026-08-23,2,1019.65,2039.3,paid,2026-08-23T21:35:00
53303,209,102,2026-08-23,1,858.71,858.71,paid,2026-08-23T09:46:00
53304,397,101,2026-08-23,5,1055.23,5276.15,paid,2026-08-23T18:03:00
53305,307,103,2026-08-24,1,1535.71,1535.71,paid,2026-08-24T18:18:00
53306,239,105,2026-08-24,1,501.25,501.25,paid,2026-08-24T08:56:00
53307,108,104,2026-08-24,2,993.43,1986.86,paid,2026-08-24T12:55:00
53308,254,101,2026-08-24,1,1003.64,1003.64,paid,2026-08-24T21:31:00
53309,78,105,2026-08-24,3,577.85,1733.55,paid,2026-08-24T16:14:00
53310,78,105,2026-08-24,3,605.89,1817.67,paid,2026-08-24T17:33:00
53311,146,104,2026-08-24,2,994.63,1989.26,paid,2026-08-24T10:11:00
53312,203,105,2026-08-24,2,617.58,1235.16,refunded,2026-08-24T15:46:00
53313,183,101,2026-08-24,1,1151.09,1151.09,paid,2026-08-24T13:26:00
53314,179,103,2026-08-24,1,1409.57,1409.57,paid,2026-08-24T12:24:00
53315,312,103,2026-08-24,1,1312.89,1312.89,paid,2026-08-24T13:24:00
53316,327,105,2026-08-24,2,573.82,1147.64,refunded,2026-08-24T08:49:00
53317,33,105,2026-08-24,1,575.9,575.9,paid,2026-08-24T22:23:00
53318,287,104,2026-08-24,1,941.25,941.25,paid,2026-08-24T09:31:00
53319,347,102,2026-08-24,2,768.06,1536.12,paid,2026-08-24T12:33:00
53320,12,104,2026-08-24,1,959.12,959.12,paid,2026-08-24T21:07:00
53321,356,104,2026-08-24,2,1161.97,2323.94,paid,2026-08-24T15:01:00
53322,108,102,2026-08-24,4,812.4,3249.6,paid,2026-08-24T12:05:00
53323,273,103,2026-08-24,2,1447.51,2895.02,paid,2026-08-24T16:53:00
53324,315,103,2026-08-24,2,1211.65,2423.3,paid,2026-08-24T21:58:00
53325,241,104,2026-08-24,1,1052.75,1052.75,paid,2026-08-24T14:41:00
53326,360,105,2026-08-24,4,504.84,2019.36,paid,2026-08-24T22:28:00
53327,279,102,2026-08-24,2,869.36,1738.72,paid,2026-08-24T17:25:00
53328,293,104,2026-08-24,1,1158.01,1158.01,paid,2026-08-24T18:01:00
53329,335,101,2026-08-24,1,1103.84,1103.84,paid,2026-08-24T22:15:00
53330,312,104,2026-08-24,1,1112.14,1112.14,paid,2026-08-24T10:35:00
53331,240,105,2026-08-24,2,521.68,1043.36,paid,2026-08-24T18:21:00
53332,117,102,2026-08-24,2,781.42,1562.84,paid,2026-08-24T19:24:00
53333,209,102,2026-08-24,2,698.06,1396.12,paid,2026-08-24T18:20:00
53334,393,104,2026-08-24,1,1078.7,1078.7,paid,2026-08-24T18:59:00
53335,98,105,2026-08-24,2,513.62,1027.24,paid,2026-08-24T22:23:00
53336,195,101,2026-08-24,2,1141.74,2283.48,paid,2026-08-24T17:11:00
53337,149,103,2026-08-25,1,1524.14,1524.14,paid,2026-08-25T19:33:00
53338,139,102,2026-08-25,1,725.36,725.36,paid,2026-08-25T19:46:00
53339,150,104,2026-08-25,1,910.91,910.91,paid,2026-08-25T09:29:00
53340,192,104,2026-08-25,1,1124.32,1124.32,paid,2026-08-25T17:50:00
53341,60,102,2026-08-25,1,791.57,791.57,paid,2026-08-25T12:37:00
53342,117,104,2026-08-25,2,1124.96,2249.92,paid,2026-08-25T10:38:00
53343,238,103,2026-08-25,2,1327.76,2655.52,paid,2026-08-25T21:28:00
53344,318,101,2026-08-25,5,1160.01,5800.05,paid,2026-08-25T13:17:00
53345,101,101,2026-08-25,1,1262.28,1262.28,paid,2026-08-25T08:11:00
53346,61,104,2026-08-25,1,1015.83,1015.83,paid,2026-08-25T18:58:00
53347,352,102,2026-08-25,2,788.29,1576.58,paid,2026-08-25T11:54:00
53348,49,103,2026-08-25,1,1267.95,1267.95,paid,2026-08-25T14:29:00
53349,4,105,2026-08-25,2,503.03,1006.06,paid,2026-08-25T18:37:00
53350,94,102,2026-08-25,2,721.65,1443.3,paid,2026-08-25T22:54:00
53351,179,101,2026-08-25,2,1263.68,2527.36,paid,2026-08-25T16:58:00
53352,360,103,2026-08-25,2,1534.86,3069.72,paid,2026-08-25T08:32:00
53353,351,102,2026-08-25,1,725.83,725.83,refunded,2026-08-25T17:17:00
53354,73,103,2026-08-25,1,1333.15,1333.15,paid,2026-08-25T22:23:00
53355,202,105,2026-08-25,2,521.69,1043.38,paid,2026-08-25T11:02:00
53356,57,103,2026-08-26,2,1269.17,2538.34,paid,2026-08-26T19:11:00
53357,253,104,2026-08-26,1,1027.55,1027.55,paid,2026-08-26T21:25:00
53358,371,102,2026-08-26,2,733.69,1467.38,paid,2026-08-26T14:04:00
53359,194,101,2026-08-26,2,1011.9,2023.8,paid,2026-08-26T13:10:00
53360,161,102,2026-08-26,1,747.62,747.62,paid,2026-08-26T22:49:00
53361,11,105,2026-08-26,2,630.12,1260.24,paid,2026-08-26T18:19:00
53362,294,103,2026-08-26,3,1423.38,4270.14,refunded,2026-08-26T13:34:00
53363,356,101,2026-08-26,2,1264.52,2529.04,paid,2026-08-26T12:29:00
53364,368,101,2026-08-26,1,1096.05,1096.05,refunded,2026-08-26T17:45:00
53365,241,105,2026-08-26,1,502.52,502.52,paid,2026-08-26T19:17:00
53366,278,103,2026-08-26,1,1380.42,1380.42,paid,2026-08-26T12:05:00
53367,42,101,2026-08-26,1,1211.16,1211.16,paid,2026-08-26T11:56:00
53368,169,101,2026-08-26,1,1013.46,1013.46,paid,2026-08-26T11:39:00
53369,67,104,2026-08-26,1,968.02,968.02,paid,2026-08-26T14:49:00
53370,104,105,2026-08-26,1,612.27,612.27,paid,2026-08-26T11:16:00
53371,341,105,2026-08-26,1,559.14,559.14,paid,2026-08-26T13:39:00
53372,224,102,2026-08-26,5,710.75,3553.75,paid,2026-08-26T18:43:00
53373,363,102,2026-08-26,2,743.09,1486.18,paid,2026-08-26T18:49:00
53374,41,101,2026-08-26,1,1173.15,1173.15,refunded,2026-08-26T22:28:00
53375,256,103,2026-08-26,2,1227.75,2455.5,paid,2026-08-26T17:25:00
53376,254,101,2026-08-26,2,1248.5,2497.0,paid,2026-08-26T14:39:00
53377,106,102,2026-08-26,1,838.5,838.5,paid,2026-08-26T22:22:00
53378,174,105,2026-08-27,2,544.28,1088.56,paid,2026-08-27T15:43:00
53379,170,105,2026-08-27,1,524.82,524.82,paid,2026-08-27T18:21:00
53380,19,102,2026-08-27,4,856.23,3424.92,paid,2026-08-27T10:23:00
53381,197,102,2026-08-27,1,705.72,705.72,paid,2026-08-27T17:38:00
53382,398,102,2026-08-27,2,760.13,1520.26,paid,2026-08-27T22:12:00
53383,298,102,2026-08-27,2,814.85,1629.7,paid,2026-08-27T08:25:00
53384,317,102,2026-08-27,1,841.84,841.84,paid,2026-08-27T13:44:00
53385,169,101,2026-08-27,1,1214.28,1214.28,paid,2026-08-27T10:18:00
53386,156,101,2026-08-27,2,1186.09,2372.18,paid,2026-08-27T13:09:00
53387,290,105,2026-08-27,1,606.83,606.83,refunded,2026-08-27T19:09:00
53388,231,101,2026-08-27,5,1244.08,6220.4,paid,2026-08-27T17:03:00
53389,76,103,2026-08-27,1,1450.45,1450.45,paid,2026-08-27T16:30:00
53390,92,105,2026-08-27,1,571.24,571.24,paid,2026-08-27T09:51:00
53391,23,103,2026-08-27,1,1478.17,1478.17,paid,2026-08-27T09:00:00
53392,111,104,2026-08-27,2,1050.03,2100.06,paid,2026-08-27T13:58:00
53393,73,102,2026-08-27,1,832.29,832.29,paid,2026-08-27T17:30:00
53394,153,104,2026-08-27,1,1066.36,1066.36,paid,2026-08-27T12:42:00
53395,386,105,2026-08-27,5,569.37,2846.85,paid,2026-08-27T14:55:00
53396,373,103,2026-08-27,5,1462.82,7314.1,paid,2026-08-27T16:40:00
53397,256,105,2026-08-27,2,568.46,1136.92,paid,2026-08-27T09:10:00
53398,190,105,2026-08-28,2,589.56,1179.12,paid,2026-08-28T08:13:00
53399,351,104,2026-08-28,1,1013.25,1013.25,paid,2026-08-28T19:37:00
53400,300,101,2026-08-28,1,1006.57,1006.57,paid,2026-08-28T22:00:00
53401,146,103,2026-08-28,1,1196.35,1196.35,refunded,2026-08-28T18:05:00
53402,257,101,2026-08-28,3,987.01,2961.03,paid,2026-08-28T13:57:00
53403,288,105,2026-08-28,1,569.53,569.53,paid,2026-08-28T16:59:00
53404,270,104,2026-08-28,1,948.31,948.31,paid,2026-08-28T16:29:00
53405,21,102,2026-08-28,1,750.95,750.95,paid,2026-08-28T10:10:00
53406,345,104,2026-08-28,3,912.63,2737.89,paid,2026-08-28T22:36:00
53407,259,105,2026-08-28,2,605.42,1210.84,paid,2026-08-28T22:04:00
53408,6,105,2026-08-28,1,603.2,603.2,paid,2026-08-28T10:54:00
53409,6,105,2026-08-28,2,565.76,1131.52,paid,2026-08-28T08:00:00
53410,72,101,2026-08-28,5,1266.83,6334.15,paid,2026-08-28T16:03:00
53411,284,102,2026-08-28,3,768.26,2304.78,paid,2026-08-28T20:27:00
53412,56,104,2026-08-28,1,1115.01,1115.01,paid,2026-08-28T09:39:00
53413,392,103,2026-08-28,3,1206.64,3619.92,paid,2026-08-28T18:40:00
53414,167,102,2026-08-28,1,758.92,758.92,paid,2026-08-28T08:13:00
53415,344,103,2026-08-28,1,1375.94,1375.94,paid,2026-08-28T11:41:00
53416,35,101,2026-08-28,1,1231.72,1231.72,paid,2026-08-28T14:59:00
53417,92,101,2026-08-28,2,1065.84,2131.68,refunded,2026-08-28T16:30:00
53418,380,101,2026-08-28,2,1152.59,2305.18,paid,2026-08-28T18:09:00
53419,259,104,2026-08-28,1,1014.87,1014.87,paid,2026-08-28T12:35:00
53420,136,104,2026-08-28,2,1093.1,2186.2,paid,2026-08-28T15:24:00
53421,329,103,2026-08-28,2,1294.75,2589.5,paid,2026-08-28T13:28:00
53422,79,105,2026-08-28,3,606.32,1818.96,paid,2026-08-28T15:48:00
53423,212,103,2026-08-28,2,1254.19,2508.38,paid,2026-08-28T12:14:00
53424,392,102,2026-08-28,4,897.36,3589.44,paid,2026-08-28T10:28:00
53425,393,101,2026-08-28,2,1176.12,2352.24,paid,2026-08-28T15:35:00
53426,101,102,2026-08-28,3,865.52,2596.56,paid,2026-08-28T09:51:00
53427,133,101,2026-08-28,2,1257.06,2514.12,paid,2026-08-28T17:12:00
53428,252,101,2026-08-28,1,1170.19,1170.19,paid,2026-08-28T11:02:00
53429,72,102,2026-08-28,1,802.44,802.44,paid,2026-08-28T19:11:00
53430,86,104,2026-08-28,2,962.3,1924.6,paid,2026-08-28T08:55:00
53431,260,104,2026-08-28,1,922.81,922.81,paid,2026-08-28T09:08:00
53432,152,103,2026-08-28,1,1385.56,1385.56,paid,2026-08-28T14:10:00
53433,286,105,2026-08-28,1,628.38,628.38,paid,2026-08-28T13:45:00
53434,170,104,2026-08-28,2,929.46,1858.92,paid,2026-08-28T18:55:00
53435,100,101,2026-08-28,2,1085.84,2171.68,paid,2026-08-28T22:01:00
53436,185,101,2026-08-29,1,1271.27,1271.27,paid,2026-08-29T12:27:00
53437,98,101,2026-08-29,1,1158.57,1158.57,paid,2026-08-29T09:33:00
53438,66,104,2026-08-29,1,1137.12,1137.12,paid,2026-08-29T14:09:00
53439,281,101,2026-08-29,2,1231.75,2463.5,paid,2026-08-29T20:30:00
53440,366,104,2026-08-29,2,1060.27,2120.54,paid,2026-08-29T13:10:00
53441,80,102,2026-08-29,3,775.41,2326.23,paid,2026-08-29T14:23:00
53442,242,104,2026-08-29,3,1070.39,3211.17,paid,2026-08-29T20:56:00
53443,149,101,2026-08-29,2,1033.02,2066.04,paid,2026-08-29T09:32:00
53444,104,105,2026-08-29,2,554.56,1109.12,paid,2026-08-29T08:09:00
53445,67,101,2026-08-29,1,1155.24,1155.24,paid,2026-08-29T14:25:00
53446,184,105,2026-08-29,2,532.46,1064.92,paid,2026-08-29T18:39:00
53447,342,105,2026-08-29,1,586.27,586.27,paid,2026-08-29T09:45:00
53448,299,104,2026-08-29,1,978.51,978.51,paid,2026-08-29T17:55:00
53449,116,104,2026-08-29,1,928.95,928.95,paid,2026-08-29T17:45:00
53450,260,101,2026-08-29,4,1183.46,4733.84,paid,2026-08-29T11:31:00
53451,78,105,2026-08-29,3,600.97,1802.91,paid,2026-08-29T16:42:00
53452,78,102,2026-08-29,1,836.57,836.57,paid,2026-08-29T19:13:00
53453,39,102,2026-08-29,3,773.71,2321.13,paid,2026-08-29T12:28:00
53454,254,103,2026-08-29,1,1416.44,1416.44,paid,2026-08-29T21:01:00
53455,131,102,2026-08-29,5,784.45,3922.25,paid,2026-08-29T10:18:00
53456,273,104,2026-08-29,2,1044.81,2089.62,paid,2026-08-29T14:16:00
53457,18,101,2026-08-29,1,1058.74,1058.74,paid,2026-08-29T18:17:00
53458,39,102,2026-08-29,2,884.06,1768.12,paid,2026-08-29T12:45:00
53459,93,105,2026-08-29,3,496.23,1488.69,paid,2026-08-29T08:16:00
53460,121,103,2026-08-29,1,1270.45,1270.45,paid,2026-08-29T19:00:00
53461,386,105,2026-08-29,1,504.45,504.45,paid,2026-08-29T13:35:00
53462,221,102,2026-08-29,1,818.41,818.41,paid,2026-08-29T15:08:00
53463,155,103,2026-08-29,1,1440.36,1440.36,paid,2026-08-29T16:55:00
53464,44,104,2026-08-29,2,947.96,1895.92,paid,2026-08-29T10:36:00
53465,248,101,2026-08-29,1,1129.24,1129.24,paid,2026-08-29T18:49:00
53466,376,102,2026-08-30,3,863.37,2590.11,refunded,2026-08-30T09:11:00
53467,307,105,2026-08-30,2,585.67,1171.34,paid,2026-08-30T18:38:00
53468,335,101,2026-08-30,1,1171.4,1171.4,refunded,2026-08-30T18:29:00
53469,225,105,2026-08-30,1,495.41,495.41,paid,2026-08-30T08:30:00
53470,60,104,2026-08-30,1,942.84,942.84,paid,2026-08-30T13:01:00
53471,192,104,2026-08-30,2,981.15,1962.3,paid,2026-08-30T22:17:00
53472,285,105,2026-08-30,1,609.52,609.52,paid,2026-08-30T15:32:00
53473,300,104,2026-08-30,1,1080.09,1080.09,paid,2026-08-30T08:08:00
53474,299,105,2026-08-30,2,623.44,1246.88,paid,2026-08-30T10:10:00
53475,292,102,2026-08-30,1,722.52,722.52,paid,2026-08-30T22:49:00
53476,364,104,2026-08-30,1,974.12,974.12,paid,2026-08-30T09:21:00
53477,73,103,2026-08-30,1,1471.87,1471.87,paid,2026-08-30T10:27:00
53478,328,105,2026-08-30,5,511.49,2557.45,paid,2026-08-30T12:21:00
53479,289,101,2026-08-30,2,1107.66,2215.32,refunded,2026-08-30T18:50:00
53480,316,105,2026-08-30,3,608.51,1825.53,paid,2026-08-30T22:57:00
53481,168,105,2026-08-30,1,615.51,615.51,refunded,2026-08-30T12:15:00
53482,105,104,2026-08-30,3,1108.24,3324.72,paid,2026-08-30T09:18:00
53483,125,101,2026-08-30,2,1069.42,2138.84,refunded,2026-08-30T08:40:00
53484,317,102,2026-08-30,2,787.76,1575.52,paid,2026-08-30T16:10:00
53485,132,103,2026-08-30,1,1345.72,1345.72,paid,2026-08-30T13:14:00
53486,169,101,2026-08-30,1,1026.56,1026.56,paid,2026-08-30T19:03:00
53487,128,101,2026-08-30,1,1258.27,1258.27,refunded,2026-08-30T09:46:00
53488,291,103,2026-08-30,2,1413.09,2826.18,paid,2026-08-30T19:58:00
53489,223,104,2026-08-30,1,1010.36,1010.36,paid,2026-08-30T14:38:00
53490,81,101,2026-08-30,2,1000.97,2001.94,paid,2026-08-30T16:12:00
53491,198,104,2026-08-31,1,1112.44,1112.44,paid,2026-08-31T21:27:00
53492,88,102,2026-08-31,1,780.47,780.47,paid,2026-08-31T10:47:00
53493,383,102,2026-08-31,2,843.6,1687.2,paid,2026-08-31T11:21:00
53494,83,101,2026-08-31,1,1234.71,1234.71,paid,2026-08-31T08:24:00
53495,93,101,2026-08-31,4,1073.9,4295.6,paid,2026-08-31T13:36:00
53496,49,105,2026-08-31,2,513.36,1026.72,paid,2026-08-31T12:50:00
53497,242,104,2026-08-31,1,1088.03,1088.03,paid,2026-08-31T15:23:00
53498,352,104,2026-08-31,1,936.32,936.32,paid,2026-08-31T11:33:00
53499,232,104,2026-08-31,1,932.03,932.03,paid,2026-08-31T17:29:00
53500,219,101,2026-08-31,1,1170.6,1170.6,paid,2026-08-31T21:15:00
53501,109,103,2026-08-31,1,1419.47,1419.47,paid,2026-08-31T10:21:00
53502,72,105,2026-08-31,1,565.3,565.3,paid,2026-08-31T16:26:00
53503,377,104,2026-08-31,1,985.35,985.35,paid,2026-08-31T09:03:00
53504,33,105,2026-08-31,1,550.84,550.84,paid,2026-08-31T14:47:00
53505,25,101,2026-08-31,1,1004.97,1004.97,paid,2026-08-31T12:55:00
53506,199,103,2026-08-31,1,1204.18,1204.18,paid,2026-08-31T19:18:00
53507,206,103,2026-08-31,1,1532.71,1532.71,paid,2026-08-31T16:06:00
53508,65,104,2026-08-31,1,1040.02,1040.02,paid,2026-08-31T21:24:00
53509,177,102,2026-08-31,1,865.7,865.7,refunded,2026-08-31T13:18:00
53510,225,101,2026-08-31,1,1020.96,1020.96,paid,2026-08-31T17:09:00
53511,363,103,2026-08-31,2,1386.65,2773.3,paid,2026-08-31T19:32:00
53512,113,105,2026-08-31,1,531.7,531.7,paid,2026-08-31T13:23:00
53513,124,105,2026-08-31,1,629.13,629.13,paid,2026-08-31T09:53:00
53514,5,102,2026-08-31,2,725.71,1451.42,paid,2026-08-31T15:02:00
53515,96,103,2026-08-31,1,1216.58,1216.58,paid,2026-08-31T09:36:00
53516,293,103,2026-08-31,1,1423.42,1423.42,paid,2026-08-31T13:28:00
53517,208,101,2026-09-01,2,1068.34,2136.68,paid,2026-09-01T20:29:00
53518,107,103,2026-09-01,2,1312.79,2625.58,paid,2026-09-01T11:12:00
53519,231,103,2026-09-01,5,1299.45,6497.25,paid,2026-09-01T15:51:00
53520,278,102,2026-09-01,1,891.55,891.55,paid,2026-09-01T15:01:00
53521,371,101,2026-09-01,1,1177.4,1177.4,paid,2026-09-01T18:52:00
53522,311,101,2026-09-01,4,1055.72,4222.88,paid,2026-09-01T15:51:00
53523,43,103,2026-09-01,1,1263.49,1263.49,paid,2026-09-01T12:31:00
53524,207,105,2026-09-01,5,527.36,2636.8,paid,2026-09-01T21:30:00
53525,313,103,2026-09-01,1,1368.66,1368.66,paid,2026-09-01T14:15:00
53526,167,103,2026-09-01,1,1360.03,1360.03,paid,2026-09-01T15:54:00
53527,29,104,2026-09-01,1,1014.75,1014.75,paid,2026-09-01T22:19:00
53528,355,105,2026-09-01,1,495.94,495.94,refunded,2026-09-01T09:46:00
53529,64,101,2026-09-01,3,1160.99,3482.97,paid,2026-09-01T17:14:00
53530,257,104,2026-09-01,2,1020.35,2040.7,paid,2026-09-01T09:23:00
53531,339,102,2026-09-01,2,862.44,1724.88,paid,2026-09-01T20:41:00
53532,282,101,2026-09-01,1,1048.73,1048.73,paid,2026-09-01T12:33:00
53533,379,103,2026-09-01,3,1449.8,4349.4,paid,2026-09-01T20:16:00
53534,121,101,2026-09-01,1,1271.05,1271.05,paid,2026-09-01T21:09:00
53535,169,102,2026-09-01,1,792.11,792.11,paid,2026-09-01T15:28:00
53536,297,105,2026-09-01,2,575.67,1151.34,paid,2026-09-01T14:40:00
53537,5,102,2026-09-01,2,753.4,1506.8,paid,2026-09-01T19:06:00
53538,249,105,2026-09-01,1,524.3,524.3,paid,2026-09-01T13:05:00
53539,258,102,2026-09-01,4,742.08,2968.32,paid,2026-09-01T18:29:00
53540,61,104,2026-09-01,1,1073.71,1073.71,paid,2026-09-01T09:39:00
53541,74,102,2026-09-01,2,829.18,1658.36,paid,2026-09-01T15:26:00
53542,18,103,2026-09-01,1,1287.39,1287.39,refunded,2026-09-01T09:01:00
53543,293,105,2026-09-02,1,599.59,599.59,paid,2026-09-02T18:58:00
53544,204,103,2026-09-02,2,1316.54,2633.08,paid,2026-09-02T15:38:00
53545,184,105,2026-09-02,5,515.06,2575.3,paid,2026-09-02T11:36:00
53546,19,101,2026-09-02,4,1108.12,4432.48,paid,2026-09-02T12:24:00
53547,231,103,2026-09-02,1,1213.64,1213.64,paid,2026-09-02T11:31:00
53548,198,104,2026-09-02,2,976.33,1952.66,paid,2026-09-02T22:39:00
53549,256,101,2026-09-02,2,1158.82,2317.64,paid,2026-09-02T15:46:00
53550,122,104,2026-09-02,1,1043.06,1043.06,paid,2026-09-02T18:46:00
53551,119,104,2026-09-02,2,903.09,1806.18,paid,2026-09-02T22:28:00
53552,388,104,2026-09-02,1,1033.12,1033.12,paid,2026-09-02T14:14:00
53553,9,103,2026-09-02,3,1399.39,4198.17,paid,2026-09-02T19:55:00
53554,9,101,2026-09-02,1,1118.25,1118.25,paid,2026-09-02T10:47:00
53555,79,103,2026-09-02,2,1420.67,2841.34,paid,2026-09-02T16:03:00
53556,163,105,2026-09-02,3,626.69,1880.07,paid,2026-09-02T09:10:00
53557,75,105,2026-09-02,2,609.44,1218.88,paid,2026-09-02T19:51:00
53558,273,101,2026-09-02,1,1092.73,1092.73,paid,2026-09-02T10:55:00
53559,318,102,2026-09-02,3,824.91,2474.73,paid,2026-09-02T08:16:00
53560,221,102,2026-09-02,4,813.72,3254.88,paid,2026-09-02T12:28:00
53561,333,103,2026-09-02,1,1378.79,1378.79,paid,2026-09-02T08:37:00
53562,5,105,2026-09-02,2,575.34,1150.68,paid,2026-09-02T12:43:00
53563,264,103,2026-09-02,2,1264.79,2529.58,paid,2026-09-02T19:28:00
